film_id,nota_modelo,nota_gemini,evaluada,nota_lineal
tokyo-story,9.791375149310142,10.0,True,9.582009126987177
taipei-suicide-story,9.759572624286998,,False,10.301854302495506
all-we-imagine-as-light,9.741606130025879,10.0,True,10.026250970032725
cleo-from-5-to-7,9.702871240133343,9.7,True,10.038427205313123
the-headless-woman,9.689221129701837,9.5,True,9.665064762424084
close-your-eyes,9.650748169025814,9.5,True,8.836225355837735
shoplifters,9.62557813657595,9.8,True,9.754286888457715
close-up,9.620968236740804,9.5,True,8.878012133908888
stalker,9.612705092315618,10.0,True,9.321432616029883
the-novelists-film,9.584198075865084,9.5,True,10.060401877443091
women-workers-leaving-the-factory,9.58134560724884,9.5,True,9.574492765996311
certain-women,9.577256640539128,10.0,True,8.991091069684222
secret-sunshine,9.576020421304866,9.6,True,9.949869614184093
persona,9.517121267538874,9.5,True,9.261982203370303
under-the-skin,9.508396817569478,,False,9.419448125520649
the-green-ray,9.506343521304533,9.8,True,9.91257339794989
love-life,9.477976847746076,9.3,True,9.35997406672755
woman-in-the-dunes,9.469095740225324,9.5,True,9.721375445152116
train-dreams,9.448223007711004,,False,9.490695819323241
vivre-sa-vie,9.439891078398116,9.5,True,9.466751315839788
the-tree-of-life,9.435568137251861,9.2,True,9.314371095092868
4-months-3-weeks-and-2-days,9.423261435153087,9.5,True,9.18193458894727
werckmeister-harmonies,9.413173101999806,10.0,True,9.00126434860095
melancholia,9.409373833842437,9.5,True,8.784615428699052
india-song,9.405544530788392,9.5,True,9.426022011619112
columbus,9.390226497319766,9.8,True,8.940873426811573
personal-shopper,9.387800229461309,9.0,True,8.628568924691798
2046,9.37390014324538,,False,8.52615269582669
portrait-of-a-young-girl-at-the-end-of-the-60s-in-brussels,9.362900329350605,8.8,True,9.144482236046501
paterson,9.359577604495806,9.8,True,9.03823247045169
the-passion-of-joan-of-arc,9.358067723874479,,False,8.639097516899298
fallen-leaves,9.341886495440713,9.5,True,8.781060820387857
bicycle-thieves,9.325541707753707,9.8,True,9.876569747643495
riceboy-sleeps,9.323767083287533,9.7,True,9.645904716791293
sentimental-value,9.300752468411297,,False,8.56343937687358
spring-summer-fall-winter-and-spring,9.30026228881212,9.0,True,10.17205921368158
the-seventh-seal,9.28541730395643,,False,10.174783711256412
in-the-mood-for-love,9.279459116442158,9.5,True,7.99298765323343
the-souvenir-part-ii,9.255628066449935,9.6,True,9.584000534494072
ghost-in-the-shell,9.25492107379854,9.0,True,9.115520720771555
little-forest-summer-autumn,9.230153756385878,9.5,True,9.542639356070811
the-disciple,9.223061153251017,8.8,True,8.625733499368067
the-girl-with-the-needle,9.220369924998502,9.0,True,9.569779325982346
happy-together,9.214324120538706,,False,9.146668141012645
viola,9.203975181764497,9.4,True,8.672436572670378
neon-genesis-evangelion-the-end-of-evangelion,9.202821796555247,9.8,True,9.03175649763735
chungking-express,9.153702949141277,,False,8.500938868058597
raise-the-red-lantern,9.11873156526154,9.2,True,8.783374148202004
anne-of-green-gables,9.083107626337924,9.8,True,9.123974364722903
neon-genesis-evangelion,9.079005415422845,,False,8.96902663966908
norte-the-end-of-history,9.067181464269249,9.6,True,9.673841593938189
pacifiction,9.027321854672861,9.0,True,8.66401243439465
portrait-of-a-lady-on-fire,9.027147332526631,,False,8.79879885150957
killers-of-the-flower-moon,9.02348362824828,9.5,True,8.454752841270514
a-woman-under-the-influence,9.002332295870554,9.8,True,8.442930119985538
zama,8.98794256991027,9.5,True,9.318469730280816
extraordinary-stories,8.985243523099467,8.5,True,8.711066063448591
ran,8.969624772354148,9.0,True,8.994811786847542
the-bitter-tears-of-petra-von-kant,8.965975887400294,8.2,True,9.333726447116693
happy-go-lucky,8.94950718629172,9.0,True,8.498453713093863
rara,8.945316552274518,8.8,True,9.371941801834094
a-place-further-than-the-universe,8.91587809179806,9.2,True,9.15695271490788
her,8.914479253754433,8.2,True,8.116101534075828
lady-bird,8.911216719588307,,False,8.74407472219133
godzilla,8.910808076577567,,False,7.230776942258904
crouching-tiger-hidden-dragon,8.900342637772711,9.5,True,8.223355614125131
the-master,8.885003773971832,9.3,True,8.681250435347032
the-testament-of-ann-lee,8.88200582330082,8.6,True,8.78813209439091
paju,8.861351041408858,9.2,True,9.161244930466616
blade-runner,8.854663572560248,8.5,True,8.565450129812263
spencer,8.846837237427039,,False,8.29545761446174
burning,8.84456054524293,,False,9.282921639221167
twin-peaks,8.832528170035035,,False,8.373647989418286
before-sunset,8.827547273499903,8.5,True,8.976450838416177
the-worst-person-in-the-world,8.816073355420432,8.8,True,8.815336178870123
the-fallout,8.802484322383007,8.8,True,9.61893889469011
do-not-expect-too-much-from-the-end-of-the-world,8.800558857281027,9.2,True,8.685513354380088
mulholland-drive,8.79418160756348,9.2,True,8.664294936780085
arrival,8.785154494236064,8.8,True,8.993278373347946
a-beautiful-day-in-the-neighborhood,8.781323655729413,8.8,True,8.146333590622765
disobedience,8.777947855483038,8.5,True,8.88268903679286
princess-mononoke,8.767859084679797,,False,9.027606408592503
kikis-delivery-service,8.764053978996497,8.5,True,9.016795551562769
memories-of-murder,8.75904480497321,8.0,True,9.027524150143313
winter-sleep,8.75606884098311,9.2,True,9.40552620789364
let-the-right-one-in,8.754156840477318,,False,9.074413219287173
mississippi-masala,8.745060393413869,9.0,True,8.313928281115714
little-white-dove,8.742310794370905,8.5,True,8.456101726942354
hal-harper,8.738300969401463,8.8,True,8.484057014241062
the-secret-agent,8.70250619998921,,False,8.579333965218265
seven-samurai,8.702470464768425,,False,8.808255893399291
the-power-of-the-dog,8.697139260326997,8.5,True,8.396036999419513
another-round,8.687860610786993,,False,8.88960801074147
gueros,8.6836427694116,8.5,True,8.417080452404115
suspiria,8.669989951409692,,False,8.499947635130244
mommy,8.667174314431382,8.5,True,8.287670884164672
night-of-the-living-dead,8.641531406001999,,False,8.674856154844168
before-midnight,8.63772768451128,,False,8.917483672929531
the-shining,8.585139465718601,,False,7.651646309305456
before-sunrise,8.5815922566655,,False,8.408219739444574
coraline,8.557201853298231,8.8,True,7.796277843440187
perfect-blue,8.552829767845253,,False,8.486188141612189
aguirre-the-wrath-of-god,8.537801969314456,8.5,True,8.627798358445688
once-upon-a-time-in-hollywood,8.512824968919189,8.5,True,7.337198823649159
sorry-baby,8.479876632668354,,False,7.598662798924756
the-witch,8.47379459786944,,False,8.662644852213427
blue-is-the-warmest-color,8.453180608811909,8.0,True,8.54551200258728
rocky,8.428775565011394,9.2,True,7.910830241743904
halloween,8.422951855169089,,False,6.683316003319928
alien,8.419417474129647,,False,7.70553234106313
nosferatu,8.389814922097143,,False,7.476306763016362
eternal-sunshine-of-the-spotless-mind,8.373423771138633,,False,7.988247680361514
the-celebration,8.367101014908943,8.5,True,8.328994566316718
the-assassination-of-jesse-james-by-the-coward-robert-ford,8.357747740506204,8.5,True,7.803538740540614
inside-llewyn-davis,8.27651843922396,,False,8.380698606860657
dawn-of-the-dead,8.253602598086637,,False,7.510112008871689
monos,8.251904734707628,8.0,True,9.067744241516387
wristcutters-a-love-story,8.243133853046773,,False,8.902160829393523
daisies,8.241634304060474,8.8,True,8.4424609700974
psycho,8.21095202563628,8.0,True,8.092454157043107
barry-lyndon,8.186304472053164,6.5,True,8.225938729764769
bojack-horseman-christmas-special-sabrinas,8.18235992298025,,False,8.598331438080095
the-lighthouse,8.170878640181506,,False,8.046735971910081
parasite,8.161573312202009,,False,8.561034249122578
flcl,8.159234542289884,,False,7.627013345903675
a-clockwork-orange,8.126705160492312,,False,8.530990082781997
climax,8.103344551192906,,False,7.478190455259451
cha-cha-real-smooth,8.052339540515476,8.5,True,7.834958253603148
sinners,8.011501849955396,7.5,True,8.219175274270619
500-days-of-summer,7.992791005117222,,False,8.077569538630438
it-was-just-an-accident,7.992436926422928,,False,8.167976186703324
the-royal-tenenbaums,7.991038031352485,6.8,True,8.477603373278512
pride-prejudice,7.978379788341963,,False,7.59729959279858
mad-max-fury-road,7.975924407583523,8.5,True,7.645512749728797
requiem-for-a-dream,7.952807617621951,,False,8.860292349226935
pulp-fiction,7.945934201236412,,False,7.927597040005638
poor-things,7.94009476494187,8.0,True,8.040567245187304
ema,7.933318055477423,8.0,True,8.307281234739346
phantom-thread,7.914741231532865,,False,7.769245729104762
the-handmaiden,7.853504340463184,,False,7.852880729870487
jurassic-park,7.8375019803350305,7.5,True,6.735846202886043
hamnet,7.795730707620344,,False,8.207246546401867
the-nightmare-before-christmas,7.731231703040075,,False,4.794303713012754
fantastic-mr-fox,7.642528502602934,,False,6.5401286937287075
but-im-a-cheerleader,7.620049543548696,,False,6.575245160097291
oldboy,7.40647941289463,7.5,True,8.233028404748296
triangle-of-sadness,7.401978135901415,7.0,True,7.515354610529973
shaun-of-the-dead,7.354318348181622,,False,5.072760125831728
primer,7.286799727105883,6.5,True,7.671034421774424
amelie,7.245138661787303,4.5,True,8.134921766438207
scott-pilgrim-vs-the-world,7.2068399505380105,,False,7.623568434875583
la-la-land,7.052744763593369,5.5,True,7.269315107248554
weapons,7.006407132551404,,False,6.8203488873719955
emma,6.942355026383543,6.5,True,7.793832421919349
beauty-and-the-beast,6.831878651950883,6.0,True,6.9838151859052
one-battle-after-another,6.78827288399587,,False,7.225213497552613
manhattan,6.678467749894535,5.0,True,6.6240071977742065
marty-supreme,6.134670640880297,5.5,True,5.712564899742679
