film_id,n_chunks,evaluada,sim · filtro · Camaradería Masculina Rancia,sim · filtro · Insoportabilidad Prolongada,sim · filtro · Control Emocional Artificial,sim · filtro · Personajes Diorama,sim · filtro · Caos Asfixiante,sim · afinidad · Resistencia Femenina,sim · afinidad · Contemplación Inmersiva,sim · afinidad · Ternura y Empatía Radical,sim · afinidad · Humanismo Social,sim · afinidad · Vanguardia y Simbolismo,sim · excepción · Camaradería Masculina Rancia,sim · excepción · Insoportabilidad Prolongada,pred · gt_afinidad_resistencia_femenina,pred · gt_afinidad_contemplación_inmersiva,pred · gt_afinidad_ternura_y_empatía_radical,pred · gt_afinidad_humanismo_social,pred · gt_afinidad_vanguardia_y_simbolismo,pred · gt_cols_camaradería_masculina_rancia,pred · gt_cols_insoportabilidad_prolongada,pred · gt_cols_control_emocional_artificial,pred · gt_cols_personajes_diorama,pred · gt_cols_caos_asfixiante,pred · gt_excepcion_camaradería_masculina_rancia,pred · gt_excepcion_insoportabilidad_prolongada,pred · gt_excepcion_control_emocional_artificial,pred · gt_excepcion_personajes_diorama,pred · gt_excepcion_caos_asfixiante,nota_reglas,nota_gemini,nota_modelo_entrenamiento,nota_modelo_cv,error_cv,nota_reglas_cv,error_reglas_cv,nota_modelo
one-battle-after-another,38,False,0.3394448855077452,0.4664898042953099,0.2004735021162181,0.2693307166155477,0.5005727261707872,0.09939595115912137,0.4456009450312124,0.23477163052529643,0.2324770423997278,0.44590390724274426,0.4444380232290699,0.6125728308765764,6.707893465387262,3.932721980886347,5.623763401320205,6.541237002859911,6.553551182468199,0.3877733516691313,4.290384588342274,3.889530781807044,2.055402829158791,4.074286033519304,0.23387004609445514,0.4383241466842883,0.0,0.0030590520996715137,0.31716723389328405,7.580694866301018,,,,,,,7.225828311803027
sinners,704,True,0.3592687453547729,0.5027735065471164,0.2905898353367179,0.4110004309447432,0.49715389642940716,0.12965965248570144,0.4783231478895986,0.27157859756859887,0.3221696130604206,0.5674180946204036,0.5262340598426535,0.5987194907974511,6.818398519911873,5.414882612909411,5.70940819046073,6.634577696897498,6.9777563186012594,0.3454472283301741,2.6101927334206194,4.196396126067523,2.366117256999301,2.958332181811852,0.19882311557386792,0.4056979676698517,0.0,0.007722558968792071,0.12734432042998456,7.944969949161367,7.5,7.719146789208418,7.979183954283242,0.4791839542832417,7.756576165407343,0.25657616540734285,7.719146789208418
marty-supreme,30,True,0.30601818049772816,0.5311482516092839,0.2153285384734715,0.2301632807046481,0.48465627627802355,0.08678854381981548,0.40050375067113597,0.28669081830391435,0.21998128502152056,0.43817060259842366,0.4968923889797577,0.6219138144155414,5.856227715296039,3.805445454114179,5.957215271106428,6.2277158531192,6.8037933554196846,0.5766198072904665,5.571715980242485,3.1857033886216817,0.9010716425214589,5.068437916752911,0.24435419053888835,0.42384834180267106,0.0,0.0032202218244169016,0.46227411274885566,7.232922372116736,5.5,7.005906489467131,7.720142941982335,2.220142941982335,7.985528993383843,2.485528993383843,7.005906489467131
it-was-just-an-accident,30,False,0.3768729301196264,0.5549987391903386,0.35353510137877103,0.38895159857082334,0.6133763441393852,0.23933858940643396,0.5785337065467699,0.3931532073209111,0.33517562351573427,0.5105733729809462,0.4548430221137932,0.6696833078194498,7.246130646436568,7.846938125796873,6.645895471842183,8.98254277267241,8.023731488038251,0.3641981620670829,3.6807409278058136,1.2151951229516715,0.0,2.2591459573713375,0.2723074264455,0.4426677031978169,0.0,0.010208578177739102,0.10919426626229596,8.818452201435617,,,,,,,8.531956995894927
sentimental-value,36,False,0.36030702664483416,0.4665098084714005,0.3914177538512902,0.34893025835968516,0.5021210504105957,0.2604166314919216,0.5320837811324794,0.5263227158578735,0.3812930838978229,0.4853999654320717,0.5223028195537378,0.5531393203136048,8.608169244138043,8.885651148274132,10.0,8.05654504177172,6.599659051220753,0.051518273638718665,1.2185493596077577,2.9003951050261,1.696242736132626,0.8061744193286151,0.0,0.22136005060800948,0.0,0.0034116546901012644,0.0,9.361994303617942,,,,,,,10.320421336914148
the-secret-agent,34,False,0.3305068332346218,0.5117363627226285,0.289980262456138,0.4304378537419905,0.5490370685327336,0.16762502793013906,0.5688788041182059,0.26284628341495114,0.26084506888449865,0.6008187964294668,0.5162278229072013,0.6607755754315318,6.650710326314182,8.912826251267061,6.185142805880808,7.547459991435326,8.756705041576911,0.31566985844900347,2.321204490384216,2.1438660074876714,1.3271278052440936,0.6912094596497496,0.19417672056596563,0.28934183200698915,0.0,0.007445502550101493,0.01135970094081585,8.967529345647762,,,,,,,8.496022629089145
weapons,28,False,0.321313129085518,0.5568702184102435,0.2754053125785869,0.4075272453119291,0.5850476450380193,0.17589875369176092,0.5690862567646445,0.3288920773685289,0.3366576864922646,0.5739686074757765,0.4825940939640733,0.6726578253639215,6.396567829584102,3.329318241427062,4.522065191567201,4.655044542488165,8.745634280843124,0.45500840185474334,5.332641222321068,4.566345129569944,2.042172644798858,4.444353632468207,0.24049169024527728,0.4089103674644456,0.0,0.0,0.1884312540662703,7.2060724366426845,,,,,,,8.524705183222936
train-dreams,40,False,0.2615967259820766,0.4789997697444968,0.3367833083795153,0.3895880157317668,0.5271047833142805,0.14693039230233737,0.5914879010527119,0.4105145816728343,0.3939256923365357,0.6085214286533569,0.5186069499404625,0.6381849895925698,6.394261800888433,9.413994362107848,7.895701960204665,7.596340466496808,8.42873744000879,0.40646653537867716,2.5194044408007574,3.368393606500054,2.55833049815793,0.8056513265204536,0.1697684476952072,0.32421142446501594,0.0,0.0,0.0,9.163344730502587,,,,,,,9.563848019742446
hamnet,28,False,0.34434267538632757,0.5478746378150156,0.3281451582322836,0.40012996663973477,0.5353290558622689,0.2124678275473752,0.5250869107439871,0.3716337004461953,0.3108644964804032,0.5212231817825769,0.48348234007467616,0.5948179190650894,8.099666530354215,4.5191421071477444,7.899923226097822,6.106981090462037,6.644139941167653,0.17900232276820735,2.7852502977537146,4.292171778300268,1.88227169783213,3.444849404219116,0.09196308292628702,0.37602341192804084,0.0,0.0037637584471955183,0.14441464903599247,8.197452470745148,,,,,,,8.663587760651446
sorry-baby,26,False,0.3485155583273236,0.4960330812664215,0.34949266235597265,0.2798135060253655,0.5674877980537982,0.1900138312225481,0.5565454247417221,0.35677507133325326,0.3291238808394549,0.5045420751239832,0.45481701186142054,0.608461220410818,8.195728948778076,5.3453010350800545,7.0577753856329215,7.286668086038404,7.159758173785075,0.30171087362234933,4.391451107094861,2.5928813025830655,1.2584655283736996,3.688225824500243,0.11163734194364475,0.35252429614208586,0.0,0.0,0.14774358345928723,8.211040965063964,,,,,,,9.154713545144334
2046,897,False,0.3074001292717591,0.48502868120782616,0.3139570775866689,0.411164601227477,0.4745708912157304,0.1995071389711758,0.5231101743730396,0.32982133153415155,0.2974554098023905,0.5440654318938996,0.6101829508084549,0.618118181234251,7.736678982806976,10.0,8.847255529982926,8.516096340460594,7.212533897159229,0.18172494201233194,0.5046436116569262,1.4323237341647719,1.1448914519616487,0.0,0.12376290836166152,0.09455808142696509,0.0,0.018519402372909215,0.0,9.466832590281474,,,,,,,8.777908547307444
4-months-3-weeks-and-2-days,706,True,0.4119189155119932,0.5776059767101358,0.26521074026274377,0.3905650289349244,0.5255528991952786,0.3131265963002684,0.6056756691470199,0.3832155914387344,0.39450637691429785,0.5616880213736455,0.579839102662705,0.6518707088677407,8.499142811745308,7.748270322850164,7.192178750780414,9.716526210196523,8.27966617734743,0.22782706477195824,5.173843443349929,0.49884417133102543,0.030298701196541655,2.0662814352783316,0.22249672277510713,0.46714279785732615,0.0,0.011011330743750462,0.1114088220893073,8.818146369187076,9.5,10.009493353161425,10.441769036432033,0.9417690364320332,9.123723252747393,-0.3762767472526072,10.009493353161425
500-days-of-summer,530,False,0.3432189568829708,0.4604115617859893,0.22345665227458145,0.29324696838655206,0.43788737805709815,0.144257186381118,0.4014554164346317,0.3151973378541272,0.2760575995949231,0.45295736639693435,0.5974462142386252,0.585279418211006,7.53982734799145,6.94780254955861,8.303896435310186,6.305415090309062,5.5480721643003195,0.3201502289869897,2.708917547037027,3.1684850499751347,1.907114423764463,1.487067750667821,0.10259389531323551,0.24020108917014282,0.0,0.0015737398480762457,0.1120616878432103,8.35900114292435,,,,,,,7.752673612224836
a-beautiful-day-in-the-neighborhood,665,True,0.3059972570629483,0.49786451633884876,0.23477479183293587,0.2634525825771217,0.40304594235261937,0.11109043777045785,0.3796078219544026,0.4002845249600257,0.30353441737234765,0.42778428428194304,0.5260164163207098,0.594917554412267,6.496972557775092,7.590674633071905,9.097746913427367,7.907862813112426,5.700622376906312,0.47527589576543494,3.9280297431008493,3.895348103320371,1.9420514630082533,1.0238449430015337,0.15172626506711992,0.6530513854531802,0.0,0.0014883076111079363,0.031102728000463008,8.63030663554967,8.8,7.799770016306187,5.789243290724803,-3.0107567092751975,8.222349351793698,-0.5776506482063031,7.799770016306187
a-clockwork-orange,935,False,0.35306175017075503,0.6125729790597574,0.3098625750249088,0.37331482125537335,0.5377273576362496,0.1664829378620761,0.530505858125148,0.3442559830893067,0.3743095761241213,0.580265421756318,0.5381627850645763,0.7088625769583189,6.098382981473752,7.4312455469877765,5.208997149104665,6.803344886490602,8.406667738637466,0.49755689041874895,6.06764099650755,3.1185622103938586,2.542720529056439,1.715610112556357,0.23850310426206242,0.5554590428896126,0.0,0.00553322683114336,0.05794198225165934,7.820651521502103,,,,,,,8.479044288390888
a-place-further-than-the-universe,355,True,0.3227743260852857,0.4402101283102227,0.3335822159870408,0.46882099435016544,0.5085863814112983,0.24007038501482425,0.48157029917251704,0.3417114377705596,0.32115155292005987,0.47136019394614315,0.413261431427289,0.5424307604634311,9.507260422400863,6.829616140936901,8.810998484759988,7.004128894791361,5.648345542236056,0.0,0.4739420160363661,2.5231498214389,1.2784622261233078,1.9680312737462784,0.003801638730694945,0.1487793986273092,0.0,0.003560592842541203,0.13114054462195682,8.680909430690319,9.2,9.122120667745834,8.934018554094301,-0.26598144590569817,8.174520479972402,-1.0254795200275968,9.122120667745834
a-woman-under-the-influence,826,True,0.43471503351517504,0.6073582121990274,0.293556575056389,0.3639812696611615,0.5476880278901777,0.33854021333168255,0.5146467552027074,0.40387390582569244,0.3989782901776609,0.5220282668716044,0.5893272485312219,0.6950566925193516,8.934655006633252,7.744807083209261,7.993126352256804,8.567655737849503,7.529742825380996,0.44797737244960123,5.622601679531602,1.4576938044565237,0.8772531535344796,1.7824522733590134,0.1597453251337384,0.5626474418455936,0.0,0.018387751457525425,0.07738431126599149,8.686273241752257,9.8,9.00601481044742,8.82832569913115,-0.97167430086885,8.832903122517322,-0.9670968774826783,9.00601481044742
aguirre-the-wrath-of-god,892,True,0.34899802629555515,0.5566632493858944,0.25208435040478383,0.47276843784017303,0.5334945466185409,0.18856715263833548,0.5367376664617204,0.28788244673876756,0.3662496336366573,0.5950661515540518,0.48533981584643976,0.6600257643116282,6.006988715329376,7.720654762867989,4.256999668563485,7.387749722909572,9.373091425631454,0.4288430501822025,5.968763114462823,2.165215860253933,1.0880434192028725,1.8526927399130226,0.33537015021567734,0.6281607558352302,0.0,0.012354566776532516,0.09733110479417531,8.078150271699874,8.5,9.098874764291583,9.444347928515072,0.9443479285150715,8.313552128891466,-0.186447871108534,9.098874764291583
alien,765,False,0.31892013101267774,0.47338204625013475,0.2599682304282957,0.42479456061809767,0.4790056425230163,0.16654200572213204,0.5035156565721458,0.2627968423844464,0.2919627695547462,0.518808642629467,0.5019016778506052,0.6011502017454388,7.263086622838248,6.179067163879597,6.2500388334777,5.954038400759771,8.16796931024299,0.2526648454332227,2.660702021709515,4.254949105522602,3.2993123619633673,1.963513508363994,0.17585468070321753,0.3555098573664407,0.0,0.0031528351185734146,0.1749216602515588,8.272602824547612,,,,,,,8.495254623257159
all-we-imagine-as-light,629,True,0.4142843929544107,0.4796968903069502,0.31744293059978923,0.5192919577861388,0.4752721273293326,0.2906144803791428,0.5393903548456312,0.3598924506583197,0.3659008404090679,0.6641892846873151,0.6271056739352378,0.5922059471163864,8.804662983904556,9.508088863439275,8.627210688432402,8.749733131717354,7.797390133377559,0.13059944759274433,0.0,0.9370854349772497,1.5556204007657537,0.06599965854264611,0.0419018350449204,0.01640117363367577,0.0,0.01651505567887505,0.0,9.586177199017317,10.0,9.705486533385997,9.495816832020939,-0.5041831679790612,9.438149546217781,-0.5618504537822187,9.705486533385997
amelie,601,True,0.3561555200014874,0.4640106046195301,0.3257928755675258,0.48207944140130404,0.45293414449103697,0.18577317278033498,0.5027682708626339,0.3377848072221877,0.2984980217891788,0.5841453077570874,0.5603312395137385,0.5939953338355582,8.227444665479748,4.235402314304865,7.959601754638987,5.10091882977928,6.623584739229374,0.12582975713623934,1.9124048149052337,4.575318659707959,4.8863388181604375,1.7057502754567282,0.0,0.24023915428026538,0.0,0.007163935163395395,0.0,7.781615921454513,4.5,8.513736244130909,8.745401403891425,4.2454014038914245,8.472926088965727,3.9729260889657265,8.513736244130909
anne-of-green-gables,235,True,0.3226079901334382,0.41071622556264425,0.27162301177973636,0.45837757127501627,0.4557041370488927,0.15907507885397565,0.43259819476041644,0.26511363048193426,0.2223892139118786,0.45863786220375247,0.4436666564947369,0.5359649837221167,9.184110687767074,7.9081107706943286,8.534653632599712,7.582902501285069,5.483634426920299,0.216404937385013,0.6953695042821175,1.983165569429695,1.8919404011677887,0.5995464820818585,0.03840112476214043,0.206191956657831,0.0,0.010110315012089416,0.01078966222430442,8.826994138154422,9.8,7.827499063467632,7.504485802614758,-2.295514197385243,8.42355659144863,-1.3764434085513706,7.827499063467632
another-round,736,False,0.34741593656245234,0.5436768198411518,0.2991275134779075,0.2834305409935868,0.5181577835930483,0.15559620472465777,0.5301576513160542,0.3488362789331876,0.38358854167919926,0.5043459470598126,0.5022172195298096,0.6394200853649871,6.965221737348541,6.542296673186408,7.492468515005392,8.041842661337133,6.931558818614818,0.37362505878678587,4.066988261710696,1.5139073907410698,0.17831728390021384,3.2373324157104313,0.17506115817369716,0.35579070443650573,0.0,0.006163486684996482,0.1824654349488953,8.424141370661122,,,,,,,8.815100591198071
arrival,737,True,0.3259726415154428,0.5016477177851446,0.3015264526541115,0.4154846985569112,0.5326742149638675,0.1937381624139291,0.5683309571661261,0.3270549519977171,0.3570993207960543,0.6153399761801756,0.5299487646362436,0.6272470155229463,7.43559955902838,7.900953678341282,7.292299207040704,7.652198464814341,8.020564514606757,0.2608021544222485,1.980160559408546,2.2118801384567752,1.6735422231755877,1.241627334326532,0.1358726125978482,0.26309924362822706,0.0,0.00420698307403802,0.08874284595321372,8.922467401064806,8.8,9.279185688181077,9.315416318785244,0.5154163187852436,8.909980377286338,0.10998037728633747,9.279185688181077
barry-lyndon,858,True,0.3013145108551545,0.5468864870701872,0.2059804367460818,0.3651944366314836,0.4554122852288994,0.11940303832969199,0.444513576710491,0.29613523685732995,0.2933073463938259,0.5766233899569466,0.5271239358245863,0.6129413395356407,5.634141070730107,8.440352742704144,5.573023592859867,6.825987804068139,8.127632039640705,0.6096377079656954,4.316893918841255,4.000467004148532,3.4431760439608414,0.8563141529746047,0.19302185967287827,0.4294081861898157,0.0,0.004756826673031352,0.059468993765240064,8.26205779303634,6.5,8.228001260073306,8.701652389397783,2.2016523893977826,8.474107634135729,1.9741076341357289,8.228001260073306
beauty-and-the-beast,576,True,0.3233626711188436,0.4329048550825236,0.24138497358828195,0.48474447902099477,0.3924244738430004,0.145527591493837,0.38190766081186356,0.23328075694553924,0.24183594671854383,0.5287906666004102,0.5477180223506505,0.5189945871561203,7.53568431129188,3.2840586366700535,6.162019061621449,3.8156568117504865,5.165886393163341,0.2294731054859555,3.45358428474012,6.5829655072501705,5.635895601572187,1.7324455907863536,0.1064871761109612,0.4575119061950912,0.0,0.017344361777014913,0.050723493449813986,6.7587798893540025,6.0,7.331749351594734,7.794999914885173,1.7949999148851727,7.422031848277786,1.4220318482777863,7.331749351594734
before-midnight,705,False,0.3317665238390373,0.4560880439629143,0.19753575242420474,0.33883325542907683,0.45012547819220666,0.16056865658985311,0.43337139942604863,0.3273576431790432,0.28089529713776207,0.5013002478253509,0.5850040669591624,0.5510955416435522,7.875123735747445,7.54853655406183,8.188975728604833,6.920783015067805,6.056373536708731,0.22944660213179952,1.604517938244007,2.4510930652128295,1.9543569681047983,0.7297096274826188,0.09150651474329413,0.21005900021291463,0.0,0.009031399335955589,0.07357372156369457,8.660612408019748,,,,,,,8.462544721772973
before-sunrise,513,False,0.3226232516928418,0.4280841135728263,0.27438199810998454,0.4045514046761616,0.4417312355021108,0.15822665320507212,0.4746106218078232,0.32349440587199213,0.2943771509851705,0.5638612117500663,0.5886636079810821,0.5421509891053736,7.735664054105652,7.357258597546371,8.441921258647874,6.226037841959239,6.3239636199126465,0.21687129752904738,0.5557406617970069,2.7684259561140614,2.331354222934719,0.6050226032795466,0.038509842599925265,0.07720141789473742,0.0,0.004237559790758159,0.061385906849898364,8.653717425492369,,,,,,,8.25266988801246
before-sunset,613,True,0.2912347028043731,0.4196592018333462,0.2386901671244395,0.363628415925386,0.4377210490106811,0.12932604592234254,0.4543834104919198,0.3162015286265948,0.25952326565425726,0.4962617317907143,0.5739041233387016,0.5508027985877826,7.892265959487117,8.075228665443559,8.688142278478134,6.44649493247675,6.104868916855137,0.19725359682944182,0.24394087036670786,2.830104682569714,2.3849520400625472,0.10533439431164626,0.04036930215186171,0.10693004055784006,0.0,0.0036954966117854968,0.0,8.79877592869353,8.5,7.853928348890205,7.696038418284276,-0.8039615817157237,8.565636863832367,0.065636863832367,7.853928348890205
bicycle-thieves,940,True,0.32005032325101124,0.6025202228777213,0.23291258211188337,0.39268219340392524,0.46979852277684037,0.220065408580107,0.5038168020322596,0.3811419676045889,0.4014908087557596,0.5710381754321484,0.5134761051888433,0.6819475267886266,6.301412368148071,8.06750502607649,7.927478588614925,8.95574122779264,8.344067831171417,0.36253835831862435,2.6113749799901047,1.3251003323560133,1.3206994057758918,0.7645006113515915,0.17234008840733422,0.3516683721263402,0.0,0.008121098500483986,0.0,9.150732917420159,9.8,9.776483354929999,9.75646400044522,-0.0435359995547806,8.894205292752627,-0.9057947072473738,9.776483354929999
blade-runner,1818,True,0.309726966625091,0.5185785276109125,0.25621595107812795,0.38673435408217793,0.46351916168716784,0.13986718741211576,0.4984244849200942,0.32276423622744965,0.33508223868759235,0.5662464950833298,0.568307722093248,0.6551838765234165,6.417508444537503,8.423873331636242,6.894645758863806,7.175453524130553,8.312071097264978,0.32285514156739337,1.9750352827107573,3.3870699907871296,3.004353166394086,1.3997359453340104,0.16192800649458494,0.3084298005455646,0.0,0.0038679372154945615,0.13707483736862064,8.773235622981879,8.5,8.27140432723137,8.084439543219975,-0.4155604567800246,8.690761854620364,0.190761854620364,8.27140432723137
blue-is-the-warmest-color,861,True,0.44996836096268616,0.4856813895042074,0.3277898597393006,0.4133034329947654,0.4558856326959826,0.2381891310621583,0.4336382178262822,0.30676276310906997,0.3117397230370645,0.5292682565663125,0.6592405251721998,0.5986944815511382,8.895849299852738,6.7810062299743965,7.409175934092366,6.787563512407965,6.5892783748599,0.30143116852778745,1.8926498700691705,2.3784526072406447,2.3746037794618844,1.5938747965091347,0.07019223322014344,0.18747028101284538,0.0,0.009931348093311594,0.03349088541198076,8.526682414547373,8.0,7.82736809428356,7.606554928719674,-0.39344507128032635,8.623520610489422,0.6235206104894218,7.82736809428356
bojack-horseman-christmas-special-sabrinas,843,False,0.3081610133524081,0.49994444635587115,0.2408085321452583,0.29895947462604655,0.492720423053063,0.13725775192993359,0.3923520760909645,0.2690764214345169,0.24258778798921837,0.3602643366730085,0.34978650768441993,0.5666689811122537,7.864617014833409,4.888815611788957,7.527179756237215,7.192717439882347,5.127682659881746,0.13203995696348741,3.8954654661596466,3.5046018466517914,1.1042696401592207,3.115862237520438,0.14639579037501232,0.5121243017090844,0.0,0.005111535466925365,0.13860546504791482,7.931057517550169,,,,,,,7.996311848594693
burning,987,False,0.301887998894052,0.5210412941232113,0.282251830105843,0.4256063802424127,0.5051369587891424,0.1395272168247662,0.5283615122824867,0.31109316024851247,0.31283767748069286,0.5598304238218818,0.5235037879881663,0.649228117501355,7.123003340865525,7.677252404870895,6.488667398245865,8.061070069908139,8.124723607754852,0.34719239248126266,3.719796343437595,1.279004066421586,0.9401745727993733,1.3923781358324394,0.21599378501726066,0.33385586375293724,0.0,0.01637100245136464,0.11034138402234231,8.725394468777612,,,,,,,8.24830792523033
but-im-a-cheerleader,347,False,0.5208882212885834,0.4220582818699302,0.24030542817049372,0.3107787891168534,0.3952981251372626,0.21655155540122284,0.3107917276884162,0.29357182081603167,0.30349206555018743,0.4243798553281819,0.579266194701942,0.5025125648298532,8.457323545117687,2.766454253040936,7.218248779462638,5.596180547522374,4.948391279715038,0.250013382645787,2.444984590402485,4.004301533786207,2.417235402620359,3.6140881859940017,0.09314813106442608,0.35001358748105577,0.0,0.008100067637109604,0.23511173017860582,7.55722469736392,,,,,,,6.966767307006965
certain-women,677,True,0.48283204405083596,0.5350247399695259,0.2868528441128637,0.39510809508207767,0.4891405750983873,0.3797940437981457,0.5202577322172396,0.37113572533039635,0.36652037384167074,0.5921236126539937,0.6107532754238255,0.6013298687625828,9.358320156093681,9.387904903539253,8.711430302926777,9.36958577533263,7.20229576616114,0.29692475236737337,1.476205382791259,0.6045453614599299,0.764802584711924,0.09098386826540783,0.08918325063855775,0.2759847176220254,0.0,0.012969072373324451,0.011340987377994959,9.578178613646315,10.0,9.650229808590874,9.230478764353201,-0.7695212356467991,9.594190822198243,-0.40580917780175696,9.650229808590874
cha-cha-real-smooth,528,True,0.31504798129052947,0.5166929708390486,0.2883967546642692,0.2999206248729957,0.4481038796065519,0.15496386276871923,0.4537655028554963,0.3451286646250523,0.2656205127175298,0.47926238419446243,0.5112839775436452,0.6235710704243054,7.133423889201936,5.77498163031089,8.05656887915347,7.098291082925688,4.882064017914992,0.43329331147752526,2.559780253660973,3.0909965667648485,1.9794637185951884,1.2248152858524688,0.13232962573948984,0.31374431085361204,0.0,0.001656055557287841,0.052425790286779815,8.106685011205538,8.5,8.053893478212652,8.032381110762758,-0.46761888923724193,8.02596204120621,-0.4740379587937902,8.053893478212652
chungking-express,697,False,0.299350406626382,0.45122755703126877,0.33652096984925,0.4284967232391722,0.46428939128435776,0.18059218697709664,0.5153364608141447,0.2845585579861176,0.2273206259884827,0.5626673060803696,0.5734093051730094,0.5723614913544857,8.238390045304461,8.331877728380704,9.071549480702489,7.252055983118355,6.528414832165996,0.1765117836031231,0.0,1.7148089845745704,1.6250718286952057,0.12337587467746669,0.03712665383525718,0.0,0.0,0.014623143839226959,0.0,9.094354590874579,,,,,,,8.686401641852726
cleo-from-5-to-7,895,True,0.40832664793937545,0.5087147760109653,0.2836958183910522,0.4758093432100239,0.45894954815600836,0.28355576483694533,0.5530719133838842,0.3184106223634405,0.323276229370595,0.580582870073805,0.5964062975534138,0.6264019997068397,9.23755281437941,9.566368530307628,8.895726876659168,8.671535302947722,8.020561365401559,0.1414792748481777,0.0,0.6295032045878042,1.0927476530145683,0.0,0.052828021802652655,0.1819088147806395,0.0,0.010737990036215487,0.0,9.716981069586641,9.7,9.81762474031651,9.989601681611525,0.28960168161152566,9.657473178531736,-0.04252682146826281,9.81762474031651
climax,813,False,0.366533514406016,0.5380686806962346,0.37184446935292564,0.39416845452140425,0.6200923094175188,0.13125028000704325,0.5649663144927588,0.28666361273600627,0.31161302203861146,0.5807798485118378,0.5042213041524705,0.6564620455733277,7.384108777548915,5.090198444965807,5.809934870674439,6.303749992411726,8.53440986623391,0.19775020214656752,3.019790449439417,3.290756741582206,1.425103569707787,4.2102181426705885,0.16794949322735037,0.2939749382311724,0.0,0.006506771176270451,0.22801168139883268,8.26456938475908,,,,,,,7.763299855733212
close-up,787,True,0.36215173750617535,0.5986475213658455,0.305296109781506,0.4474529513494321,0.47643671744058846,0.20525598249528043,0.5371000975334097,0.37522159088775087,0.38276316618755774,0.6961221863496302,0.5973415013144793,0.6963380990506486,6.7173484674001145,8.898152334065413,7.753179203005947,9.103652416406838,8.94687577007473,0.33919245558861705,2.319206648676058,0.7128219213251699,0.47496039525972034,0.9134701267686363,0.1504305368186191,0.23947109381274106,0.0,0.006632771521397412,0.03075535788951054,9.381796605533095,9.5,9.155358871300653,9.314503669160109,-0.18549633083989114,9.110034641394412,-0.389965358605588,9.155358871300653
close-your-eyes,947,True,0.28581866989592764,0.5345261227328434,0.3053215534512184,0.4664105993682076,0.468626995458398,0.13137507248367983,0.5474603588455751,0.3312653815539197,0.3315760598524433,0.659201618903132,0.5772942868584854,0.6506202839857782,6.3660129828134755,8.7798114394792,7.200008175913409,7.944217837706604,9.00063440139943,0.3969884240558264,1.9614004816890294,1.6324390493708851,1.6014029907757872,1.1569268531520696,0.16370902552184688,0.17530113383761164,0.0,0.006043625081007519,0.04015097312798167,9.132644885919595,9.5,8.501217847308723,8.136488791658916,-1.3635112083410839,8.879618846871413,-0.6203811531285872,8.501217847308723
columbus,604,True,0.2610887854546824,0.44853827905910476,0.3059357342001381,0.4714731647243193,0.46162664870657205,0.18646803415848642,0.5375601659376069,0.3726580010122791,0.3351821237543911,0.6389274524821202,0.5331966846453656,0.5950944570985437,7.646163918249329,9.409452893779013,8.957749423790137,7.729957358529453,6.76125342368368,0.30422686481511896,0.5345173877237066,2.5106933680930155,2.082028561948172,0.0,0.06171985347475861,0.11723585994243602,0.0,0.0027107503317523388,0.0,9.234158260560127,9.8,9.701896817260847,10.081034019770728,0.2810340197707273,9.094727015517977,-0.7052729844820238,9.701896817260847
coraline,548,True,0.3005343509993419,0.46016728120036093,0.2947983766482069,0.44626788036533965,0.4436801903729955,0.1300363080951508,0.45995302747421984,0.29448146896829946,0.3193200684577843,0.5624777504663617,0.5007089035199689,0.5511775966761427,8.111165927675986,6.1358621472103145,7.653104032914373,5.798794993436441,7.478597237018657,0.08250865158217327,1.0190984529154572,4.171542598623222,3.4021075510309786,1.5960177439238485,0.044098718168270934,0.24438717192697398,0.0,0.007779610084309926,0.026100691009807393,8.410592369659975,8.8,7.906919558914588,7.976301187763064,-0.8236988122369366,8.556787315516898,-0.24321268448310285,7.906919558914588
crouching-tiger-hidden-dragon,677,True,0.3221416041275524,0.48716562663091983,0.3276761544923967,0.4550848712736153,0.4706574383011446,0.19465633241587865,0.4961931106879334,0.28633338188264235,0.27795386085593543,0.5943300737332566,0.5557886263064068,0.6235248275308278,8.199789927884114,6.587594302779647,7.057486107927227,6.963681056720714,7.278020992861487,0.14801078494895015,1.2244227011275184,3.2071813769575193,2.237229688470363,1.511853858539274,0.15850507091006857,0.2049423609225535,0.0,0.02588790714167117,0.12489375128804453,8.56871925224016,9.5,8.58665178072713,8.458582134937252,-1.0414178650627477,8.406194742821818,-1.0938052571781824,8.58665178072713
daisies,758,True,0.5747264527666992,0.5884653472029507,0.28131474458186867,0.4721550945561646,0.5545587487804517,0.3291673091731428,0.4909713582361457,0.32260885216599666,0.40353067823344535,0.6217510936434606,0.6291684211817378,0.5671260293520981,8.676517969404056,4.312920639679941,5.820996609245697,6.538642906184316,8.552762473010821,0.25335489029441755,3.117576693325954,1.5896685749720771,1.6651818338995572,4.0696926822115245,0.11806176210171239,0.3214006733224278,0.0,0.022028573977117785,0.31077401895378975,8.321769492141906,8.8,8.722862419375906,8.725571534490456,-0.07442846550954485,8.498189324829418,-0.30181067517058224,8.722862419375906
dawn-of-the-dead,278,False,0.26683861896072447,0.5003337778475266,0.23861406322470557,0.3809334927832405,0.5051375079016212,0.14100765040197963,0.5409085124561462,0.30545695483452984,0.32159223077205507,0.5108433664346778,0.48429284710554354,0.6211160376868662,6.669454083812427,6.742866598608038,5.40254705872613,7.000361262602959,8.223686810086415,0.29708039449394635,3.0646795302498977,3.637756272627062,1.5794331498872618,2.7405443798599585,0.24614909948983837,0.3833891635398837,0.0,0.0021262841390457836,0.1838035164499672,8.334566884488357,,,,,,,8.745412645083322
disobedience,530,True,0.47874191253627096,0.5366409132596647,0.29234097641862083,0.41977768631751256,0.46181770885681706,0.28922903817160556,0.46566073307965844,0.39209650360107057,0.3664912422742482,0.5304028325399118,0.6590947577025498,0.6434687946573091,8.795402006338115,7.321400893013779,8.36050528905367,7.82947069137151,6.44153855424319,0.21284131726722205,3.2540011205559005,1.849851183019529,1.5601810209931928,0.7926701102416571,0.11521924421978186,0.3976220104614113,0.0,0.014645694437623678,0.03758292443155235,8.85742483452147,8.5,8.637298969415687,8.834078065924693,0.33407806592469314,8.897061953358879,0.39706195335887884,8.637298969415687
do-not-expect-too-much-from-the-end-of-the-world,712,True,0.4293394288178924,0.6081883364640983,0.2728231248538267,0.3997046633242847,0.5414442366405768,0.24278646141230595,0.537593005145657,0.3030223736464459,0.3400452872740546,0.5803003762480913,0.5198253524488585,0.6396246663864374,7.55262226890365,6.602011348857519,6.148698742590966,8.84732629076809,8.755355136045907,0.41140586759914516,3.472881064548714,0.42305784832382365,0.4343665461532369,2.793000602322352,0.1873844223975846,0.40620603690801077,0.0,0.006772863646703731,0.1277553808125667,8.749978187458295,9.2,8.933655815878863,9.20749493282639,0.007494932826391576,8.736179506808055,-0.4638204931919443,8.933655815878863
ema,620,True,0.4069052783479463,0.5403548298239788,0.40127201462131307,0.47040170326536723,0.559103138239654,0.23048052837134855,0.539258427833157,0.3427434170086028,0.34362886555300115,0.5889386703553106,0.5636048472019394,0.6599707711304672,7.947474937278126,5.595141828299231,6.044501258322799,6.5835015418215885,7.791681027304662,0.21504780114656888,3.5460809409063248,3.046977681192963,2.511010685612691,2.8291087439839138,0.12673375831023492,0.4098614258793811,0.0,0.011451028526230268,0.037015770664485075,8.196315643433138,8.0,8.412915857561304,8.56259494162741,0.5625949416274096,8.406676888198392,0.4066768881983922,8.412915857561304
emma,416,True,0.386998346282719,0.41867601575167074,0.24427315769117763,0.3734124741113645,0.40773695343036714,0.2144180215044772,0.3766717680211135,0.2886322109673164,0.21895092855973264,0.4587304339215076,0.5440505803075851,0.5125113415091986,8.824747353563197,3.602772544859585,6.8003581594089635,4.273253614919167,4.564553851357598,0.28546403353796923,2.793422983696552,5.799088236480606,5.57356742334946,1.767548543234795,0.05442604994196763,0.3760765912180344,0.0,0.009049536533143276,0.0039372997954450414,7.014871254237248,6.5,7.924036803731888,9.511297679589966,3.0112976795899655,7.619209577642268,1.119209577642268,7.924036803731888
eternal-sunshine-of-the-spotless-mind,583,False,0.28196095371444346,0.4608182510793531,0.3098308671955713,0.3727101417877594,0.46450825478117197,0.1428494807373599,0.5060686422653878,0.3758942342353196,0.31451176531606984,0.5652304604855345,0.6028461682589328,0.6557814667703256,7.168091326091575,7.111418436666068,8.367209665521194,5.874473812434445,6.736073954068543,0.2683327843940998,2.117093908246357,3.8810070424330347,2.979201229144117,1.0488360403046504,0.06920966000447931,0.14666060652230617,0.0,0.0,0.02626269548441071,8.511785600083567,,,,,,,8.165953160338335
extraordinary-stories,672,True,0.3456598479947482,0.5745309547996702,0.31567066664576077,0.5202483068118653,0.5794190775427105,0.21050625540486853,0.6116700976064913,0.35691808251736484,0.3549372750117636,0.7031661169736312,0.5513011016847669,0.6423522286397115,6.864267366957818,8.728327655240975,7.1934318765142855,7.686457250936198,8.650223742918442,0.3464863656762015,1.5272019534890255,0.990151900047529,1.094016117104034,0.9691013532854714,0.14014531446759643,0.22555950835030686,0.0,0.008601999544010952,0.00925484165254458,9.10085408307929,8.5,9.043506752349355,9.153955901784647,0.6539559017846468,9.058423766304854,0.5584237663048537,9.043506752349355
fallen-leaves,563,True,0.4017214033425776,0.5336555207414414,0.3227940656332812,0.49320106350622,0.5107344518281256,0.26751600927798835,0.5721705314521693,0.3930023293985019,0.333357674123591,0.6011133337213586,0.569239026190751,0.621198312837319,8.203902494270439,9.005174762331345,8.63862582071713,8.922026277221313,6.810346766158423,0.19285849635993102,1.4555221131024627,1.1696666269461486,1.3678188165192091,0.0,0.09510505022105598,0.2616499744327377,0.0,0.007260799646412137,0.0,9.311644874427646,9.5,9.230429146211137,9.459840626189864,-0.04015937381013579,9.2263197728806,-0.27368022711939943,9.230429146211137
fantastic-mr-fox,540,False,0.2729607932051338,0.4795316250753166,0.27218559389008645,0.35067165519180016,0.4386621183634312,0.10265583220011064,0.41388733731308774,0.30761076983110436,0.24753164747377626,0.5024646562652487,0.49423300606708387,0.5974270150540878,6.387461104214363,5.272953589870175,6.766715814839766,5.378912269456796,5.577837493351476,0.44170557320102444,4.423372369227771,5.464765584393522,4.368028539290542,1.7299338224981216,0.18300012887068084,0.5178448949248138,0.0,0.002775779876245957,0.10277106333281039,7.314733997829637,,,,,,,7.223633822113336
flcl,788,False,0.33187296973592995,0.4853710174425547,0.39126983081500666,0.40846003640462764,0.5945672792611693,0.1304506397933022,0.4774930836614423,0.264159386222055,0.2541997816330057,0.5002592341905217,0.39286633230819645,0.5367941496071779,8.189726550480573,4.779296672824363,7.005077457568036,6.224236979864427,6.881516524616646,0.13421297911857655,1.769737107186021,2.031274636038454,0.758024448739777,4.24906589272457,0.08859637117902325,0.23472835054618876,0.0,0.008080124391461026,0.3046984077471524,8.21741117821916,,,,,,,7.051095988942072
ghost-in-the-shell,741,True,0.3555133119212875,0.48882748474713367,0.3952031250047016,0.5031046103601291,0.5263797029912551,0.2018315419423738,0.576401433773051,0.3061707988821365,0.3818348422014435,0.6692765049804531,0.5299930284310709,0.6289417673504821,7.682528432686685,8.88446664717695,6.5719843597639045,6.9520739429708405,9.709320330903235,0.0847394873525891,0.20797532975372945,1.6488643668697567,1.4392979181950103,1.317951095699682,0.10548466672542785,0.02221893761998256,0.0,0.010054683477134004,0.1621816693976474,9.217626341059649,9.0,9.632730959220371,10.437642813272149,1.4376428132721486,9.04393978346566,0.0439397834656603,9.632730959220371
godzilla,747,False,0.23562114114442176,0.42254862238010293,0.20130164040255885,0.4203328340934096,0.4822151793484758,0.10395972730425558,0.4600047526218142,0.19462108889514393,0.26096066532154094,0.46024585347823,0.4319732350415993,0.5440867045808795,6.528672066207745,5.585153022696033,4.950764761118453,6.601191261950143,8.694770986004878,0.29895335958580715,3.350889550994935,3.701983368499772,1.3115597020469465,4.13313597118943,0.2537808056154549,0.4106464963986205,0.0,0.010925628736421113,0.31278210028197884,8.181653711279392,,,,,,,7.853942723407416
gueros,550,True,0.34093148988678684,0.47196522052339723,0.2713906645699356,0.46543884200004426,0.4714159125415286,0.17061521438675276,0.49722605803009834,0.27636269934867685,0.31542029423826234,0.618475388927446,0.5067506916009382,0.5939029465051113,6.94138223927656,6.9193252700574055,7.270964768231552,7.900032744224272,6.9280135670259595,0.3770305805853127,1.4636808634373808,1.9607966528711498,1.777328847100942,1.367617348442568,0.11491446452249443,0.27463836886872695,0.0,0.006507555505084015,0.03163334050814636,8.561139515516508,8.5,8.642619745151512,8.667428881676672,0.16742888167667225,8.449166184766558,-0.050833815233442436,8.642619745151512
hal-harper,547,True,0.2742045233645085,0.4891385969945798,0.32376819599362167,0.3363337359033944,0.5103581556552041,0.15534784489406525,0.49216164961029435,0.3796292453170147,0.28275073364421816,0.4195547336147131,0.40770088152175227,0.6197510157625017,8.192306230542224,7.401308894993783,9.291416680122861,8.208297015449125,5.346048467634898,0.27703991968538966,1.7815440477080646,2.5050244720476575,0.9479959741002596,1.1466090062277294,0.10066995486855698,0.32698038604611396,0.0,0.0029527045453960317,0.05600848338156955,8.802150185922624,8.8,8.869815973364851,9.053127879062517,0.2531278790625162,9.066458468633483,0.2664584686334823,8.869815973364851
halloween,761,False,0.28873832676746475,0.4877278492609429,0.23651445385082853,0.33046308153302084,0.4862236905788054,0.13191911804768786,0.46138196060642594,0.3183277031317112,0.32491303304461583,0.48596695561826286,0.486263284008981,0.5996466197722727,6.568719464554823,7.212081422419721,6.509207114510088,7.281695962700683,7.076648494177197,0.36287979314872854,2.7601675114711077,4.528621975594304,2.647267714595395,1.4504822902284353,0.25425415417175,0.4339116907235614,0.0,0.004304606165191455,0.002628621120688429,8.348487547229473,,,,,,,8.339069479236326
happy-go-lucky,563,True,0.41605385241363657,0.511442274378704,0.24241032206308827,0.29009994698594693,0.41495091461075173,0.23818616866276984,0.4069502891849567,0.4049116810521443,0.30460956447593096,0.4382950943456482,0.5343236825643328,0.5663293225073378,8.737444330437214,6.287981829079843,9.535117768940813,8.2359850167727,4.816212134936659,0.2940934845822202,2.97399425341517,2.6656398444736116,2.169928023016075,1.080889985555229,0.0507992030049092,0.5686274889887908,0.0,0.008423480834361879,0.01944148984881066,8.622471179646622,9.0,8.680739789214869,6.825193256029886,-2.174806743970114,8.288202370600988,-0.7117976293990118,8.680739789214869
happy-together,800,False,0.3159025315379753,0.47237674574693406,0.32306996431039986,0.43036688562907316,0.4560461815304026,0.21033703711091856,0.4991326632424688,0.3390328520575595,0.27325092498576,0.5107099384401691,0.5750058578896593,0.5899699789223496,8.352724574389025,8.735999135478194,9.168497341488422,8.09743305045123,5.887550911591954,0.20394904740404568,1.3276638723557381,2.230763206394354,1.8712043621242902,0.0,0.08261269393782104,0.14187305021573426,0.0,0.01977295890786744,0.0,9.119999321180181,,,,,,,8.779060680957365
her,753,True,0.34993681814928906,0.500904381901236,0.3639333940724492,0.39697499238532147,0.4703649968696473,0.19620167797718716,0.4968441829474744,0.3799791980712992,0.3382371845277299,0.5425890908415517,0.5827807064010493,0.6503946893294201,7.9746702805185254,7.326641183896766,8.586699696029696,7.031486228196317,6.430238404423441,0.28218817929883844,1.9931430633125697,3.1754643213116878,2.7179333842547946,0.5420620088040531,0.06518067919802496,0.25011296048736964,0.0,0.0059120440536566884,0.007041767667073158,8.75420254170883,8.2,8.343447525155964,8.175879257727216,-0.024120742272783602,8.696428599638487,0.49642859963848807,8.343447525155964
in-the-mood-for-love,705,True,0.34946028402902507,0.49700939660818877,0.35987726771085893,0.4614912682204009,0.5027360115511537,0.2234724397245682,0.5458068271084864,0.35947961781632765,0.3163428785200809,0.5887926379279842,0.6553623109663969,0.6092547526029011,8.333174257788011,9.310216218996695,8.859313443369839,7.472488942812386,7.285977488214915,0.16101386608395468,0.29423574722135815,1.8733899160059657,1.5773518418599948,0.0,0.06622985905926065,0.04039735960781188,0.0,0.0186944418497531,0.0,9.354211078160501,9.5,8.968160270224525,8.618368083042405,-0.8816319169575948,9.20964750912115,-0.29035249087885084,8.968160270224525
india-song,677,True,0.410783707936981,0.5483171855718736,0.34636314704413035,0.5116841264698444,0.5590692664627598,0.24040025280586513,0.5912247904727577,0.32060246008133814,0.358440314965717,0.6924058345696237,0.5919864403945523,0.6145934670996153,7.952745177930245,9.193644326738813,6.705541432568799,7.466326712555418,9.737269207380088,0.20822277220387514,1.0695930519772938,0.8919353283577605,1.4639742096108295,1.043602816207977,0.11275905382640672,0.1877576576948612,0.0,0.011953149260041075,0.02115853161500729,9.347311507497443,9.5,9.53833087708912,9.496842165118771,-0.0031578348812288937,9.265368332117447,-0.23463166788255307,9.53833087708912
inside-llewyn-davis,788,False,0.2952128627668215,0.543000264593359,0.28510330437135023,0.3254471028285811,0.48096553761223226,0.14094112964649572,0.4803958515853075,0.3309868429500326,0.31695088917000686,0.5137396234141887,0.5113831134533374,0.6449794129267709,6.1590937472919975,7.310840381823161,7.2007344065887455,7.064154487379034,6.927873679401002,0.5510495436645009,3.9681603555734517,2.904841208276522,1.9457489448118697,1.415365693717928,0.20772661400134812,0.4680178740317421,0.0,0.0049537075283781,0.057301799930516255,8.363796639175778,,,,,,,8.205132625809648
jurassic-park,691,True,0.2589145512132824,0.44375101206706125,0.23128565081064015,0.35754168759785365,0.4408499987879066,0.03536713843247265,0.4080549855353062,0.22811516671088392,0.2563707166341613,0.45994034625184466,0.44707265782963873,0.505965967185033,6.0473414776188745,5.9778094098884,6.134275960702434,5.50504115575479,7.361412027540461,0.35104939146162717,2.844022956707977,5.210055815823637,2.0474660585076365,2.799920855587413,0.17146333608244022,0.4846154392029132,0.0,0.0,0.13297873204953772,7.989310111648749,7.5,6.520967818851896,5.984119782780819,-1.5158802172191814,7.919067728860529,0.41906772886052934,6.520967818851896
kikis-delivery-service,637,True,0.3133066107082427,0.3915177414301547,0.28220259717765,0.4225932440464078,0.38583911244603114,0.17713792209291854,0.42860020209078314,0.3002640628551993,0.23221822919812027,0.49468902786171187,0.46014654421875095,0.5020388269054114,8.850697623621395,7.232203675563846,9.373395578633582,7.442706113732875,5.0555483963332275,0.08426951372563893,0.28760508542360297,1.1751019852624291,0.9205983895906067,0.7685824396406983,0.027675071304359006,0.12898820543564685,0.0,0.012142335710201778,0.07873996050768117,8.767428862248545,8.5,8.604538954487447,9.710771292386365,1.2107712923863652,8.75263187766167,0.2526318776616705,8.604538954487447
killers-of-the-flower-moon,1004,True,0.34941696737460054,0.6006273701090376,0.2090815530529541,0.41147359872564293,0.4846787396875864,0.1898757303593239,0.49910243930097237,0.32492856370338685,0.34231827613221366,0.5505328132378781,0.5427168020695345,0.6851727095938087,6.822970390418907,8.203167539723745,6.188399323274945,8.505875489699912,7.944545071674998,0.4083797190922489,5.4946452887368835,2.2780417813370777,1.6617000776667006,1.3065184724998917,0.2618257588392537,0.6442217545966895,0.0,0.00790739633369119,0.07784043659313836,8.47841976306252,9.5,8.89450255925748,9.45506431281511,-0.04493568718488916,8.438635818619906,-1.0613641813800943,8.89450255925748
la-la-land,689,True,0.3216175486067656,0.4286575327325046,0.2706227065739909,0.4222293903850729,0.43887269791742917,0.12120065382097288,0.4306380228905179,0.25287621423970513,0.20313512441415094,0.5554601831630868,0.5287768279643282,0.5549982000484874,7.285759874007696,4.516522668656846,7.113498045002102,4.706918587993616,5.546886601210602,0.3074935889041839,1.6503829974908224,4.648535950964208,4.394902888038186,2.0328818444716275,0.062017866039241726,0.22001916783105044,0.0,0.00804623998425869,0.0658937187824826,7.4243436784440835,5.5,7.242391358102149,8.167873316626034,2.667873316626034,8.28089061532089,2.7808906153208905,7.242391358102149
lady-bird,554,False,0.41069838602950925,0.45246665073368647,0.21886329041623004,0.33584703557686374,0.43547988181064284,0.2648757609662799,0.4302824506988868,0.3319783816640453,0.315338283324144,0.484095314875609,0.5473754025519577,0.552567393920419,9.127072444197067,6.1460385011881264,8.845359013469027,7.650247365012575,5.4479180267109975,0.24220825237863225,2.609539780564467,2.3562868636444074,1.5741182795420423,1.992151709967656,0.05931505403582335,0.2817148796312123,0.0,0.010947157282464853,0.09139757166044779,8.563902690882541,,,,,,,9.209764859738156
let-the-right-one-in,876,False,0.3093006632332377,0.5221050369316975,0.29873408847318395,0.46691185613795905,0.47431131682744937,0.20128608905378956,0.5100100637711408,0.35468043749494915,0.38532212816749295,0.5619928216783258,0.5672673891814729,0.6530503592784832,7.6678395632070515,7.029021214983153,6.95426516140744,7.029584046287944,7.391357160944774,0.2944640038910061,2.9305610148466874,3.1671906359538373,2.6146936848633997,0.711407132419553,0.17638421017117165,0.3118684351181096,0.0,0.005826813792909358,0.009241667287663256,8.589136165918845,,,,,,,8.898094342686194
little-forest-summer-autumn,406,True,0.2388215263214801,0.29395207432445536,0.22832737625807323,0.4109283160235902,0.39567787598242066,0.14705428381825772,0.48050056135482067,0.26316285657412564,0.27700308599023266,0.512663832097007,0.4012060915084738,0.4611831627214147,8.80358897111773,8.988476974308401,9.157813658424532,8.160890845927701,5.95646947199284,0.016852065180885334,0.0,1.1369543298396483,1.255276189274395,0.9147066981051255,0.008196420548263472,0.02444552687672291,0.0,0.011324461913668845,0.06748866749985993,9.151784425266113,9.5,9.390610199571164,9.879573515875961,0.3795735158759612,9.005548581901945,-0.4944514180980555,9.390610199571164
little-white-dove,236,True,0.3953182987803446,0.5082169923576382,0.26550284182242656,0.4876392404142277,0.5038606300213756,0.21672561306810206,0.5104097414005574,0.30297691772654844,0.3625209829012358,0.5829619150304026,0.50511637207356,0.5817614846618502,7.157505348073762,8.066701817820915,6.501119938800748,8.191835790520166,7.65544560108326,0.3764793152583653,2.1548119800964414,1.1522350012966724,1.3049166446132614,1.1029175547530565,0.15752872110757823,0.39577019036726824,0.0,0.012106073486000277,0.0,8.775453866116205,8.5,8.803106131666388,8.553837395245163,0.05383739524516251,8.466416685595725,-0.0335833144042752,8.803106131666388
love-life,521,True,0.3469136304228227,0.5235388061879775,0.3550520489299452,0.45656476778689153,0.5325515608354907,0.2345285866527594,0.580300318394355,0.39199700975558244,0.34660922487341217,0.5625387416822644,0.5965488659456862,0.6592701629622432,8.735882836701158,9.216577017748032,9.28104629042112,9.102375684309083,7.240913840062964,0.04597090952497476,0.37478534087424853,0.7963023463552565,0.31711395136190945,0.3318819246666419,0.0742290337593225,0.07669117410494974,0.0,0.014829287222800755,0.0,9.566448432435804,9.3,9.263901316783695,9.415159955635314,0.11515995563531334,9.557568527877972,0.2575685278779716,9.263901316783695
mad-max-fury-road,821,True,0.32346195087392166,0.5115745860449684,0.2863036406911263,0.36844639427148973,0.5312660431516328,0.14905642191416482,0.4973081437970754,0.276093002792977,0.25400295737279893,0.510187001969633,0.5037476845390948,0.6312266424184153,6.648639570269027,4.282288552009508,5.907850650206032,6.091287778671695,7.2179436763888,0.37077682242383536,2.3922212732157444,3.4526522992682285,1.7032032684293203,3.874888950912595,0.21876944584882468,0.3493136704620798,0.0,0.008014382926532128,0.37283470643676114,7.907716978902437,8.5,7.773877638632521,7.853648382280037,-0.6463516177199633,7.721743020575401,-0.778256979424599,7.773877638632521
manhattan,700,True,0.31965484615092876,0.5316615549580332,0.269723969341371,0.346561514666507,0.4513954363654797,0.1477245462707075,0.42247361348294726,0.3249741816192693,0.3267394895049228,0.5217638611263146,0.5567335243000532,0.614114392964394,6.062409110305966,6.939939136619266,5.988751914357181,5.422291484350144,6.5175855661959625,1.012552153564098,4.845126068725769,2.8897005058332996,2.7886188113078414,0.7785052698720694,0.23845236962188288,0.3125694706127461,0.0,0.0027683140134050696,0.0,7.646792055603253,5.0,7.772669633684233,8.178112099597056,3.1781120995970564,8.676651225385985,3.676651225385985,7.772669633684233
melancholia,803,True,0.3793337843388175,0.527643068260511,0.2785043823003605,0.40148798381205547,0.557398224882063,0.2218870020807881,0.611497052420039,0.3680894532934909,0.35943348901389316,0.5777207127637896,0.5409283209998401,0.6758843434797815,8.30068584643257,8.231775037542718,7.479874390499081,7.2894797960223,8.152564573499976,0.1549070549272868,3.6204566937989524,2.8388442496141795,1.9643565330563773,1.1618872239667908,0.09798559218451514,0.3506241783234648,0.0,0.005899139799849401,0.06625858252658628,8.98943482092339,9.5,9.047416883805012,8.44109374729365,-1.0589062527063504,8.86930382008831,-0.6306961799116895,9.047416883805012
memories-of-murder,716,True,0.2778222187199466,0.5562807031324197,0.2371217760908783,0.3555506267024763,0.5222993457697581,0.17191394154081135,0.5641234714494796,0.3229568325314655,0.319320541399941,0.5721148858113633,0.5375566932048687,0.6888864406296996,6.419421711045514,7.549751505953565,6.722521221912351,8.821233785777885,8.482321356115873,0.3527266305194011,3.126046167071597,1.6092112406508936,0.0,1.96075365092406,0.2756712241103255,0.2634670091406286,0.0,0.009337861628685114,0.10645804109642495,8.83626657521351,8.0,8.855938752682752,9.046043806870884,1.046043806870884,8.842405307172237,0.8424053071722373,8.855938752682752
mississippi-masala,577,True,0.43138850101459897,0.45694066100562897,0.22720282063476205,0.46299151401970645,0.4099181600969008,0.2777829623682129,0.4170105160913082,0.30948058532952194,0.34995110719570927,0.5369531788648012,0.5864711470450865,0.5625421416503176,9.051876009247845,8.024946127716772,8.652681099030683,9.331918726174845,5.692257902427372,0.24120255742124555,0.7940327626368793,1.1068733027487356,0.6171542395206717,0.12689474286078672,0.12535216422560058,0.32001663388476165,0.0,0.019383876089385698,0.0,9.094956957373252,9.0,8.948119045221246,8.427804015382533,-0.5721959846174673,9.08475975693647,0.08475975693647086,8.948119045221246
mommy,755,True,0.30402446431414404,0.5142803700610797,0.3678252611364851,0.3781193940038738,0.5219041811688148,0.20040440595658207,0.526490919308012,0.40661304774184825,0.3431139786159225,0.5482178325187435,0.5624661846075677,0.6858503826460749,8.299319715524263,6.582180460891901,9.061065642775517,7.787055517378586,6.571692917109917,0.21583297949436242,3.3306329294280532,3.119461595799728,1.834090484912685,2.16655562631683,0.049913561840533374,0.32501357778898005,0.0,0.004731688999341193,0.028359956915352525,8.748020028801971,8.5,8.723168215492903,8.508489872832886,0.008489872832885936,8.977961262479237,0.4779612624792371,8.723168215492903
monos,550,True,0.35266546621564604,0.5322918791651741,0.2625159715748907,0.46732972739454015,0.5604839176184283,0.21265560835964478,0.5590708669007513,0.28155638891488455,0.3487431480832709,0.613388380953214,0.5176684583251921,0.6553990130724757,7.467390378357843,6.636858442932591,5.95548884663943,7.5431076585635894,8.081976038262681,0.25454900298257466,3.4589066645567326,2.399373920604024,1.1737116255750801,2.8864834707473968,0.19288515730463732,0.45031215384137513,0.0,0.009040332963389835,0.2936354460521231,8.510967961122933,8.0,9.015059956144627,8.973976071335406,0.9739760713354055,8.775968227396024,0.7759682273960244,9.015059956144627
mulholland-drive,941,True,0.35745968660531574,0.517517253576787,0.2483612359047278,0.38168142112726855,0.5175476829523346,0.145111123257274,0.4913763320238225,0.27988089173326525,0.2984899776821428,0.610514066442549,0.5737840770485956,0.6404748140182173,7.301104152643841,7.613890203750253,6.449079052729599,6.251227071173442,8.41510175961993,0.3748495144046293,1.0636512862915053,2.5941066980891865,1.9507992780669685,1.7282374712828565,0.14902527061310422,0.20253588097027747,0.0,0.008863081418176835,0.05588812802898126,8.653190641787575,9.2,7.9582795084502544,7.5934934083334396,-1.6065065916665597,8.49620166659217,-0.7037983334078302,7.9582795084502544
neon-genesis-evangelion,971,False,0.31373188995291273,0.5202744040551116,0.3471792159535322,0.4714374766314906,0.5637394171807928,0.2040612176735076,0.5113753580548166,0.37484401107860643,0.3631402519167426,0.5311528905217997,0.4493961251791716,0.633057409843821,8.626221691123002,7.265701270135161,7.70970975152271,8.03798619526267,7.346930498064479,0.07375820999235203,3.17018055467969,1.5652863842983846,0.15028124716897273,2.989632470017015,0.12941323441569397,0.3472305842801467,0.0,0.009061662322972577,0.30060507180018425,8.880509305851604,,,,,,,8.509373096146286
neon-genesis-evangelion-the-end-of-evangelion,1123,True,0.3083094161802888,0.5189658426137126,0.33744990155246163,0.4722056856471822,0.5444284278050204,0.21878142430376865,0.5477165999018975,0.41005672946208827,0.4125305672269612,0.5800153446909995,0.5122444582286719,0.6598511104685402,8.21842562311502,8.316651120876841,7.603744168509939,8.52497497418933,8.553540805174512,0.10990737558773689,3.500524288601188,1.2496965224092333,0.2740302151102205,2.8400346810289143,0.16819951239072273,0.3160914341816752,0.0,0.011185854502558636,0.29535998588125,9.198802989761862,9.8,9.134053721034608,9.003049939410252,-0.796950060589749,8.970849873589913,-0.829150126410088,9.134053721034608
night-of-the-living-dead,682,False,0.30336841390119607,0.5157017655336686,0.2341974675677765,0.3961782194273319,0.5029004057144909,0.17566901589435857,0.5434292572542959,0.30786476129794843,0.35266721480353613,0.5183666174227097,0.5317190780459032,0.6466464222760757,6.728861866359478,7.120840590161222,5.480952842591007,7.665941147928415,8.426113127433664,0.29619571089416946,3.2051068577536057,3.555355899886373,1.7785933520316113,2.306435980416766,0.27245567113924146,0.4189762429915783,0.0,0.005985190115799951,0.1286755077001594,8.482285732189439,,,,,,,8.932194846110512
norte-the-end-of-history,785,True,0.3236052616429727,0.6016887817267276,0.25106578936463864,0.4096562123787072,0.5253105826407798,0.2157219526257134,0.5801015774502242,0.37436307808723673,0.4005531794786881,0.59006880757598,0.5080131515274782,0.7161586719081177,6.323901437019499,9.032177015581409,6.348252751572893,9.613692178811053,8.96492440000521,0.44087062526415277,5.378898082978646,0.8779479982803895,0.5396696411487799,0.9251396018858618,0.26275709564548705,0.49318718155588404,0.0,0.01157698310326195,0.012179380573822014,8.786707457014407,9.6,9.583687329978263,9.583565374889389,-0.016434625110610668,9.139210121466698,-0.46078987853330133,9.583687329978263
nosferatu,718,False,0.3358735207317932,0.4745434540664067,0.25352838807246464,0.5156864016531375,0.4961756424871001,0.13390854421266407,0.5262093409932386,0.25190692566572576,0.3251942481166006,0.6161597353941785,0.5273359391372519,0.5914262782894307,6.4707814982944925,7.12866133096044,4.9094122238661555,6.1827533188830746,9.04866838433182,0.28225716452063543,2.402279415362063,4.008374839178288,2.9081233379737674,1.4541958459011872,0.25337893360200126,0.39649357618795045,0.0,0.012254663229687117,0.0839986398721902,8.354250469629491,,,,,,,8.219185039170098
oldboy,662,True,0.3249391390901523,0.5766595640275237,0.2686041127081531,0.3671996246040077,0.5393027631412899,0.1648707692482379,0.5354904532553704,0.3608309358101929,0.3256955774279883,0.5435716428170135,0.5735675119233639,0.721844653750379,6.414266135349029,5.6339923180760785,5.520402826960138,6.27303786777278,7.865219385318551,0.28611325263924847,3.641017203571994,3.380110695093893,1.1007000567054628,3.1342301317826884,0.26827745974208805,0.3429687876482849,0.0,0.012122861393682526,0.16130471094932164,8.023974416524299,7.5,7.896757174813291,7.808710864468685,0.3087108644686847,8.135903341042546,0.6359033410425461,7.896757174813291
once-upon-a-time-in-hollywood,961,True,0.3314845989534179,0.5069145226437699,0.19538367430385248,0.29596725656171186,0.4374005466756198,0.08569453783263577,0.4088037589054473,0.22710857077323118,0.20926982350942233,0.49812624164937547,0.5402906805967789,0.6290652971314825,5.920226217348217,6.597849219512654,6.999227638029112,6.25146652045495,6.772637922496343,0.48862687351146883,3.1274573145508153,3.6948993623323485,2.8976700397574904,1.388448315715339,0.2027841876452185,0.33042702448332495,0.0,0.0,0.035158721760979776,8.126765562062557,8.5,7.0447305098136646,6.400699089976051,-2.099300910023949,7.916663052595497,-0.5833369474045034,7.0447305098136646
pacifiction,767,True,0.3731117235190054,0.6070006748696586,0.2528334453457468,0.4657256041634866,0.5810462663476922,0.19612789127797056,0.5762217970248394,0.30629705650847794,0.3792273752470364,0.6306776962877301,0.5092976340120459,0.6470891526820017,6.667967983839874,9.776561658861969,5.993440032226824,8.494452011626247,9.243078177719859,0.4223665073537207,3.014897062177873,0.2708521416872294,0.23824162102835134,1.1673011629305927,0.24575860857068993,0.42319852671061664,0.0,0.009495956271923912,0.08883870847058678,9.176264839346844,9.0,8.990111159900657,8.785719333407256,-0.21428066659274414,8.94202163250681,-0.057978367493189964,8.990111159900657
paju,127,True,0.30635239168582445,0.5011349909912702,0.24115668393571,0.42273406029974336,0.47464653248473654,0.161195863425603,0.4895896472253336,0.29427726251072495,0.2894859276005524,0.5488930516728915,0.5611508020771524,0.6345311471914917,8.199811516794547,8.46661129471696,7.727952397309611,8.421561821628119,7.273924517040231,0.13807486500386698,1.0420704728429795,0.676145139934984,0.07052390042729195,0.29117043735487513,0.1169356793568056,0.07219579239969151,0.0,0.014809391132574082,0.00924329720034528,9.136348773983574,9.2,8.259581742576264,8.018367968957426,-1.1816320310425734,9.001218066527422,-0.19878193347257778,8.259581742576264
parasite,807,False,0.3747037241968791,0.6103055742140377,0.23132232407297335,0.3959225448427972,0.5207144977136179,0.18640231374173738,0.5021245617253487,0.3486719686246857,0.39960367785475615,0.5528960441442152,0.505649857172533,0.6142248044650049,7.228226170370489,6.426208680679288,6.704019156875872,8.150372032765329,7.422146176620523,0.34842579502848076,3.481015024032148,1.2946094822212695,0.112834079928261,2.579965930341261,0.2061813610006139,0.3668462560987118,0.0,0.016675640836760052,0.15965040900617056,8.484681884722479,,,,,,,9.020650146116449
paterson,783,True,0.3301604033821023,0.4912875031172976,0.3049006708319988,0.4066320740558431,0.4758326244103912,0.1984148034604227,0.5133660181098272,0.34696197384008887,0.3070974543291056,0.5917608769965523,0.5424514682756042,0.5969703567002055,7.230772155825228,9.760748673886706,8.865129302190567,8.08566830334689,7.0609587151191455,0.47554729699076925,1.5880190645045202,1.067236549423607,0.8477674892278331,0.16503828203293436,0.09783880255000557,0.2064381271897484,0.0,0.0048600265064299665,0.04573809021128744,9.323572213121189,9.8,9.050504629046284,9.449799129637752,-0.350200870362249,9.150645558289092,-0.6493544417109085,9.050504629046284
perfect-blue,742,False,0.38982745621960696,0.5588183830557323,0.35293561775418386,0.44399708453654296,0.5578526923850882,0.20672029762485045,0.5252128504224699,0.32310840408991764,0.3579338177402328,0.6312108461037628,0.5856346631366716,0.683811278008339,8.089303659348253,6.71209483469185,6.563303742374366,7.0165034068433,8.72080780951351,0.2401453149424656,1.9331632565658439,1.8943553513961657,1.1560542710523434,3.147460152371288,0.13490410498070568,0.1543010092279158,0.0,0.01389238522310874,0.22592263308709035,8.763247313911524,,,,,,,8.395438919534655
persona,1025,True,0.42462294654777577,0.5953340617034024,0.3434344612372326,0.5131643229515662,0.5119015038339005,0.28558734547933623,0.5675045594183504,0.37602103725868136,0.39734372499652754,0.68517408022454,0.6356117167249443,0.6940907986369322,8.378148272673272,8.743694723425039,7.070202897998718,7.895949706674564,9.376733402350514,0.2545933680052762,1.998748523039141,1.1682574297206658,1.3038442672350212,0.6132955375942464,0.1163933141469036,0.1680048598630142,0.0,0.010643490086854212,0.03956439369511221,9.394124857285792,9.5,9.624495906417094,9.620210669887198,0.12021066988719831,9.432535675965847,-0.06746432403415348,9.624495906417094
personal-shopper,780,True,0.402488373895113,0.5335156598398911,0.2768843619914695,0.4118893959072456,0.4766495923810635,0.2071023700998562,0.526330822267068,0.36317401626523965,0.3478704427992346,0.579776644999144,0.5261702238412755,0.6582881123627091,8.304677088949553,8.865839722195314,7.7294643448184015,7.710184050355018,8.170679709096428,0.24293735372541242,1.607406943911478,1.5342544723888365,1.6902462978115873,0.0,0.10533989294868092,0.22273838090093323,0.0,0.007547508031695592,0.0,9.303102165870179,9.0,8.831447121494431,8.824363800731366,-0.17563619926863439,9.178268202206823,0.17826820220682293,8.831447121494431
phantom-thread,682,False,0.39559223741907595,0.5458861189232869,0.3151279540191215,0.38521701529448776,0.5008165048634579,0.19867042108438582,0.49937828953832114,0.3326195670680446,0.29792221847003264,0.5827542573235885,0.5983400624351946,0.6630326514703971,7.592969901250432,7.038391521787042,7.624982481722475,6.995318953313222,6.833729725084609,0.35989262686379747,3.0799594369484327,3.1878104299614547,2.90587259753383,0.8392660158234816,0.13875471298071668,0.31381199424290884,0.0,0.01097340416198717,0.06218886331474778,8.547074469120082,,,,,,,8.207080896356487
poor-things,770,True,0.503895503863122,0.5563723254572399,0.304648751039044,0.4427121164912486,0.4820387371341944,0.2514556137707449,0.45959309288683137,0.3415110062364375,0.37389628009049497,0.5836019453617428,0.615569914066461,0.6304033931733061,8.127729557258794,5.026533894028745,6.236075606534176,5.893773638558463,6.968206731793469,0.29668151151626665,3.369222215860318,3.295654984853158,3.3070157185635565,2.171467821189383,0.14601735446862363,0.4100411343525258,0.0,0.014210873942317289,0.09101774199308615,7.925765211859052,8.0,8.242291024590106,8.12087439371676,0.12087439371675934,8.21619889748943,0.21619889748943066,8.242291024590106
portrait-of-a-lady-on-fire,704,False,0.4396437362795273,0.47147996226497363,0.33150123928858805,0.5194960798115359,0.48542957497180333,0.25571241906007375,0.529334641557677,0.3291760008995633,0.3213983918700001,0.6453121429761334,0.6687149886940305,0.6174562068591134,8.662552411385619,7.722357507527391,8.014050007184125,6.834616003159745,7.537807142024274,0.10893918599330443,0.7138968331675675,3.118880219630773,3.212260027603963,0.7019847009295472,0.044064902468300415,0.11983513153028419,0.0,0.0162012947090258,0.0,8.902412585024287,,,,,,,9.146626323569077
portrait-of-a-young-girl-at-the-end-of-the-60s-in-brussels,518,True,0.44731501455318956,0.5392450008722636,0.34497586825525217,0.42193074026107436,0.5310265311417127,0.27922815512807087,0.5283623269826816,0.41069948342814283,0.3919344164515731,0.5856574446223897,0.6053080506761696,0.650926098978975,8.526089276586905,8.46360360746895,8.21252010153977,7.659340148244845,7.380179908910019,0.30963305483398296,0.9757199007895099,1.1504489034227454,1.207721949286627,0.4870123731079943,0.07196196401719762,0.15655038352106493,0.0,0.006298026882248568,0.0,9.1711135609357,8.8,8.750049039687177,8.482012744354861,-0.3179872556451393,9.23302049098505,0.433020490985049,8.750049039687177
pride-prejudice,402,False,0.3866932706288338,0.47601575599577656,0.25326239153973623,0.386746733453579,0.4158317013860557,0.20351162179885168,0.414350615021664,0.34157124837450464,0.2734288312015329,0.49625268015464774,0.5934256645670717,0.5561299016545752,8.075085873986998,5.330995760337514,8.281301221055138,5.419160886162728,5.169291003341328,0.28191093115603305,2.890699091962158,5.063167761246669,4.623893927596864,0.7739737096600672,0.07381544971915982,0.37821576122961587,0.0,0.01050392742175892,0.0,7.788935515808034,,,,,,,8.185554505273494
primer,573,True,0.2506472312463852,0.498784069191712,0.22976154437367038,0.3313571084973561,0.473255603815161,0.07290781236618721,0.4835064545479118,0.23507470981791168,0.27490611241938856,0.5739048599930503,0.45575258739067004,0.594591857631554,5.738525988391433,5.935996454671941,5.186434331555305,6.028389933700909,8.821011211079933,0.33062351192488065,3.4547015855020016,1.4534554590330038,0.6563575712925505,3.097735207730561,0.15786698559866222,0.1903992273150894,0.0,0.0011602140459841814,0.3727570678128222,8.16680224116714,6.5,7.903111403599586,9.108354947934119,2.608354947934119,8.91660790862954,2.4166079086295404,7.903111403599586
princess-mononoke,810,False,0.3416385398213846,0.4943892034252666,0.3009182515028153,0.5254774792868504,0.4960490221886211,0.24181899582811234,0.5291999505113327,0.3168343050017041,0.3399686201947905,0.5884408248078029,0.5410523727698767,0.6296708667661151,8.09480799176018,6.815945413227558,6.820662775400926,7.162310173675094,7.153046615221539,0.21010884052937584,2.951799544821167,2.6773855801878987,2.094000623423635,2.1746894364252958,0.16004739711553884,0.36207553756383315,0.0,0.019480466346984047,0.18433091960935882,8.504762980208262,,,,,,,9.288059079403098
psycho,760,True,0.36334796628300003,0.5465271434940224,0.2764309110807378,0.34305712857625953,0.5398741834907901,0.14465513535702154,0.5162788182931629,0.34149127796737133,0.3373730576178413,0.5561085315689599,0.5425574472293937,0.6657278795419928,5.917972344053094,6.40536018664751,5.097107239811693,5.3747813241545455,8.75649118198726,0.4520497770626441,3.0792719554383905,5.051479843818975,2.5036169209625103,1.7894370715432215,0.2149009069758891,0.34342555150952847,0.0,0.0009161848802484423,0.040411391747539514,8.097531163989965,8.0,7.9599118183440565,7.795606938922964,-0.20439306107703636,7.8125494040372745,-0.1874505959627255,7.9599118183440565
pulp-fiction,734,False,0.33142269064058577,0.5066050307868796,0.2217220156699363,0.3261946270022267,0.4834841075362108,0.09907861056469121,0.45335027848286275,0.27760960154143294,0.2593605744551348,0.5476923559126472,0.5163360983259234,0.6144443147719674,5.989484317551414,6.206270435827101,6.713681443936897,5.86417440749029,7.026986926370977,0.4352906167548437,3.5655755856038573,4.007511250199681,3.4459651570226684,1.6206237228073777,0.17218045740455487,0.3810516846149077,0.0,0.0007551496219441612,0.03061687968446354,7.9457562990289485,,,,,,,7.515920847582384
raise-the-red-lantern,770,True,0.507455363332028,0.5534685254032766,0.2814457158081311,0.49975888487947084,0.4780513869993879,0.32170079355428477,0.4815176593444789,0.2959826104036982,0.3787810561951859,0.5876332710298761,0.6565407975491702,0.5800172335921203,8.963149891299995,7.6331527021252334,6.922914857407697,8.659375091488727,7.770565788938028,0.1718082452440124,1.804429383601464,1.7726707685945582,2.3771488510883136,0.8239485390462409,0.23228587636322895,0.3137453177623641,0.0,0.05640391609591894,0.049523240561178905,9.012221701206661,9.2,9.41803865923195,8.911873940822433,-0.28812605917756606,8.983653739443167,-0.2163462605568327,9.41803865923195
ran,1127,True,0.30735775640586366,0.5340996559953016,0.25496047352104884,0.5052453268718857,0.5240762650557044,0.19288568755484922,0.5264071114908431,0.27050581593207834,0.3052480181230684,0.6167009449889777,0.5144340588305166,0.6461244255181818,7.09703383910402,9.530865666886912,6.315349996682645,8.39618781566659,8.697939978137521,0.20345878773947906,2.8094371455892806,1.5799598721074568,1.2042544401102626,0.6864466344046121,0.2253440497748502,0.458239347642682,0.0,0.017541841281162242,0.08699721143269609,9.16506404529434,9.0,9.040896003223098,8.880126351262144,-0.11987364873785644,9.005750692353315,0.005750692353315046,9.040896003223098
rara,332,True,0.4458966939295188,0.513618522633828,0.2583284426751105,0.3827647900782772,0.45894508760052427,0.2672543431828268,0.43772844207275113,0.4001020546105359,0.40865282860496377,0.48360593817993097,0.585799697293558,0.5895057024435228,9.086049167234318,6.835825931710379,8.884525521689785,8.58928154159016,5.8937599165726615,0.1912855023456339,1.8396692763085372,1.054437330432975,0.7155875105259288,1.3343565686756569,0.05221371812957787,0.32432777301780286,0.0,0.01064917052216476,0.010641335121826571,8.86213961451718,8.8,8.778637360482858,8.103864631844978,-0.6961353681550229,8.792291589941186,-0.007708410058814508,8.778637360482858
requiem-for-a-dream,702,False,0.33582482803507024,0.5712155859714451,0.32668053250453954,0.3803818437967561,0.5538480019926634,0.17250111786226643,0.5446284618941252,0.3467348897246587,0.3371546571411002,0.5586289180812344,0.5439444869117187,0.747891153513749,7.516216632729613,6.776063958842614,7.348332226269181,7.380418593235719,7.803329233688037,0.26910797896864713,3.313646181771552,2.498410931553227,1.2526843328878627,2.439972134533037,0.15185947095292568,0.3206697106812972,0.0,0.004091005521347721,0.100418265734631,8.648150076342528,,,,,,,8.188691844783856
riceboy-sleeps,579,True,0.287592829942883,0.45524200353036637,0.25737742173732175,0.389972894996892,0.4437755173032487,0.1693398044920374,0.4869814325356321,0.348691298233687,0.34565974780209063,0.533531140346516,0.5465985474569064,0.6188866257795131,8.278085561676935,8.415842747200916,9.15288709180606,9.5578918940251,6.157808440300555,0.2308550916755728,1.1521209183370777,1.3119438959880836,0.5087095135364132,0.9403254270450628,0.10120409140606056,0.15803570227961294,0.0,0.014230992334235481,0.03227685527434419,9.198362297726469,9.7,8.870086171128714,8.582731682053874,-1.1172683179461256,9.160484504191293,-0.5395154958087058,8.870086171128714
rocky,729,True,0.26353311948616126,0.4308247339721537,0.19971516131495717,0.26845511082063706,0.36174209365351206,0.11466783596055073,0.36702155748670473,0.27080922577568567,0.22707161729029054,0.4340748469759137,0.45464333212638103,0.5602870764624585,6.055773970712949,7.189168105316746,7.820384712984679,8.02661505309047,5.022785064222447,0.35271141959112506,1.9850642226741488,4.26405948252528,1.9813498107939376,0.40352360700684997,0.2036243794934945,0.4159243727012837,0.0,0.0006906299615415477,0.04201765814866544,8.328793828005034,9.2,8.157264626692825,7.630035554081638,-1.5699644459183615,7.975028358532275,-1.2249716414677243,8.157264626692825
scott-pilgrim-vs-the-world,443,False,0.36025438715961483,0.49084331428536526,0.2407565920757903,0.3215339978471136,0.44374910758541436,0.09530806327577547,0.3854457552173142,0.2588608455373671,0.23035409335707466,0.48418979422459196,0.521359774450952,0.626007270941589,6.673739443073789,4.356536600997245,6.328402691466297,5.1543781717168615,5.853549118466383,0.40815770801156115,3.1556527815958075,4.853074436789909,3.490286008320561,2.395822903729787,0.13541615757010939,0.36656607428407983,0.0,0.0020076442708432743,0.14574830153012147,7.44439063254327,,,,,,,6.701128598533777
secret-sunshine,721,True,0.3020188050215952,0.5065030058290351,0.28628293913448183,0.38205484299151693,0.46038193923299786,0.21258443887283296,0.5407057704141373,0.42503120012780027,0.36279644449445864,0.558074646302404,0.5423151240843438,0.6778282550615282,8.232085532932292,9.233165944937825,8.453860018831975,9.744970813416547,7.781919758554907,0.11477686515226976,2.4006551206803017,1.1143068565057443,0.29579013859127246,0.422793665147867,0.1475111077973645,0.33299802425635167,0.0,0.016900704466037992,0.0,9.535613789103907,9.6,9.80934892048392,9.886152446059448,0.28615244605944845,9.524165501388543,-0.07583449861145652,9.80934892048392
seven-samurai,929,False,0.2594784148032946,0.47519461581443384,0.19661070486041426,0.43808972893106596,0.41864733019405326,0.16192683086198567,0.4364321186789194,0.23129667380931068,0.26087793269105275,0.5307277609489152,0.4636779986514371,0.5689141513973883,7.21138763895521,9.569694169230523,6.822843428177731,8.878256265340399,7.762559207811892,0.15524877761830477,1.4046611428680658,0.8225613623715602,0.5666870376033697,0.637894461470528,0.19613446181511696,0.2246056300564553,0.0,0.017361381246673496,0.18355305964900273,9.15818457128032,,,,,,,9.263956129330266
shaun-of-the-dead,494,False,0.28763868800992753,0.4502466571350159,0.2352196000993881,0.2899375146066561,0.46408410925291416,0.07352108804747358,0.44149825796590403,0.2862434278262696,0.22831345371957024,0.4284104513027475,0.4455718376432271,0.5751927703336904,6.45553129872942,3.8737387610247884,5.452045035882575,5.090955383471682,6.2607537594395435,0.3946313347941571,3.4252044889784443,5.230461222082633,2.9606160267563024,3.183839380079524,0.21314327601327396,0.39595251878037047,0.0,0.0,0.18790671776077736,7.344494374933359,,,,,,,7.326112483745723
shoplifters,611,True,0.3319272594041839,0.5691884981851941,0.2900701905098394,0.44465441550713647,0.4480209254812573,0.2713335465494407,0.5093041533675027,0.46782231120189116,0.4293390090654702,0.5259136851712718,0.5452758846423005,0.6226193518273864,8.58862017592405,8.698311384846336,9.630153263280945,9.832691001492126,6.57213193133636,0.11434798501341406,1.0205584813578268,0.5172916774298288,0.32760268180887886,0.6111300454111877,0.05869425743167059,0.21549484247515063,0.0,0.013362330546418047,0.025270559028520913,9.465296758922646,9.8,9.549930475725777,9.496707246979126,-0.3032927530208749,9.400241717294849,-0.399758282705152,9.549930475725777
spencer,797,False,0.3941813562373861,0.5254061632276097,0.23208411345280805,0.3742882328039618,0.45481764414535897,0.1906595132277875,0.4581275842661745,0.3201291680401309,0.2938366689828651,0.4975849849586056,0.5359788026005329,0.6102113749344708,8.511812966956196,6.83228844788541,7.251252724880465,6.723092052734764,6.573985837622267,0.26211225090284485,3.2902222315627716,4.136652548157851,3.750356814913735,0.7268561126392694,0.0913148930148672,0.5631732716513147,0.0,0.011718901192199128,0.0,8.36213524161858,,,,,,,8.348875188685843
spring-summer-fall-winter-and-spring,871,True,0.29954357736353193,0.496226941256107,0.3117775324701428,0.48161373577210553,0.4824479090133644,0.1979312361027007,0.5668144992799694,0.4221648624935171,0.44836978371108005,0.6270086026459608,0.5658610670456787,0.6394490349823858,7.334246181821885,10.0,8.37687224910663,9.07918787381075,7.749743811885197,0.14308320862713753,1.421810373785164,1.4827094731754604,0.35611658693514703,0.09932589523890556,0.13964896677343785,0.22069046365728595,0.0,0.01556212089786756,0.0,9.505598175408615,9.0,9.56907443862134,9.44470655346962,0.4447065534696204,9.509102428351678,0.5091024283516781,9.56907443862134
stalker,1226,True,0.3763483961474529,0.5804644130638552,0.31157556298710987,0.48988403445110973,0.5144863736511981,0.24313074634901585,0.5903529606193127,0.394956303814267,0.4318697127793112,0.6780216694779791,0.5812309313415421,0.671382706069031,6.695798745717079,9.701282963642281,7.4624930400172484,8.155947792482436,9.518216941019274,0.21182283602911783,2.0518669211215936,0.8181194772586085,0.3629980348046089,0.2078776736949215,0.16751464482709838,0.24683990012477613,0.0,0.0073714146343852914,0.06601820053263101,9.51690718842438,10.0,9.777184148860224,9.525618061589595,-0.47438193841040466,9.376259686044289,-0.623740313955711,9.777184148860224
suspiria,831,False,0.3878307935525606,0.5041534849974635,0.31660323945524227,0.5261574926597917,0.5484725717246547,0.191471105699527,0.5282160148800528,0.2966085163918697,0.32986056997388846,0.6142378428017736,0.5558600696569604,0.6281567240293845,7.954126181483112,5.526978403864722,5.565091001953579,6.162899124944193,8.170920096886832,0.17251504123837294,2.6840154230543294,3.2723652233365925,2.030283040652911,3.0707257170737243,0.15867104716067715,0.37625737947548427,0.0,0.010722910439762466,0.14898110549064128,8.231301658071564,,,,,,,8.174764844458094
taipei-suicide-story,495,False,0.2744869614236147,0.5048661981359599,0.33344120685046813,0.3551725866794098,0.4916639746077535,0.25679158296381854,0.6431498802585376,0.458668238389928,0.4007876020137831,0.5545201670635211,0.5253321522658587,0.6238293756189537,7.995113014848374,9.636789267450744,9.391232374522179,8.223381444946005,7.949484135655974,0.12276055177632034,0.7307174334744604,0.9544588698916154,0.3622481341979531,0.9771580194986141,0.06582414268119038,0.006395940056930838,0.0,0.0036688719175940257,0.04458553587706088,9.575608580792386,,,,,,,12.264060219124397
the-assassination-of-jesse-james-by-the-coward-robert-ford,828,True,0.2540972014675453,0.5337408302427938,0.17629766407746333,0.3029963636174554,0.4347160601409044,0.13414319707712066,0.46065324499803084,0.3170476921222847,0.29624597158399324,0.5257331801702174,0.5361346232276796,0.6673165867967228,5.097486357020145,8.296687739618037,5.944524378069715,6.766792327766738,7.028785486855261,0.6053879616652043,4.430850338603944,4.237818212684372,3.2633563899884708,0.6968498632277175,0.2982376895582133,0.55925106486467,0.0,0.0,0.03699202650184174,8.097756063647973,8.5,8.70504534715109,8.604271474635894,0.10427147463589392,7.732679899060192,-0.7673201009398083,8.70504534715109
the-bitter-tears-of-petra-von-kant,882,True,0.4771801250398615,0.5785169136848715,0.3143932734324922,0.5027182045534657,0.5000561879160907,0.28737918251771594,0.5018803060724617,0.3780148477341001,0.3595555416166503,0.5957443955157445,0.6124308939427066,0.6826907243805294,8.663454734182384,8.348708861232002,7.280874583057936,7.994363390631391,8.306840948593608,0.18878225679340824,3.8731471455493307,2.501267144689633,2.6554950079144906,0.37934073762367515,0.11063322024386996,0.4609668688437836,0.0,0.017371094247592554,0.0,9.108252768366865,8.2,8.188542333908572,8.639572563744066,0.4395725637440666,9.352320737256827,1.1523207372568276,8.188542333908572
the-celebration,740,True,0.4145756001323577,0.584993252640259,0.297862318325328,0.3956956335907393,0.5790484558166072,0.1701416954191894,0.5519064007232504,0.3602253142850659,0.4010943271578234,0.5764766785721709,0.5384867201002183,0.6174025104768333,7.069318229099642,6.167168226827917,6.871483188692494,8.205055969531177,8.00284053465685,0.27326729826983476,3.6973887426000784,1.9750010951023915,1.0068228820261913,2.991829732874591,0.17296830104304733,0.41363334886218905,0.0,0.011456347332467639,0.10666299615472202,8.545317448735915,8.5,8.264761545098274,8.179723959521612,-0.3202760404783884,8.562797551425259,0.062797551425259,8.264761545098274
the-disciple,673,True,0.3560146633407466,0.5514055435551078,0.3326947089636182,0.44981436734092006,0.46811207318936554,0.17755500536206342,0.477562074880772,0.32372240519151024,0.33240245639298777,0.6238960975122815,0.5262226589803528,0.6290230508603953,6.797510372443871,9.66120344358818,7.667580715300647,8.874454539628868,7.8227942150888214,0.28913293048240923,1.9226659955721255,0.3342071610323243,0.2605253676447299,0.32852982923009355,0.13562855167408272,0.2304121871028057,0.0,0.009477733734203011,0.007429574390209477,9.284897372139149,8.8,8.247521986654013,7.822278705122642,-0.9777212948773588,9.103137268862444,0.30313726886244297,8.247521986654013
the-fallout,489,True,0.3212185668426511,0.4787692572248534,0.2694186814382054,0.3485763429574444,0.508341259106309,0.21641723576163538,0.5321468257093799,0.32733138761277963,0.30664027804492106,0.49518076114524334,0.5229667299309748,0.7087473040427308,8.788173071386595,7.219265607502918,8.336894475244378,8.198924401275391,5.988781600639026,0.13276148203179003,1.4974258851840747,2.307682315289146,0.622928169715569,1.7121778483768688,0.09097944074810711,0.23277143421413427,0.0,0.0038541990340020937,0.035975073113485155,8.757803756856175,8.8,9.1198127147527,9.518072939662316,0.7180729396623153,8.689957632619493,-0.11004236738050821,9.1198127147527
the-girl-with-the-needle,685,True,0.42878503658500255,0.5898917048648976,0.27603171836799434,0.4418285773419456,0.554297458297938,0.2960734806152073,0.6023927586445748,0.3810924428177365,0.42584671752555503,0.6115920382244364,0.6032578920322459,0.7213927227225273,8.162817283291506,7.711638041229224,6.75623665800099,8.496759077758487,8.67403647707624,0.17982815288263412,2.509493054946934,2.144967085737534,1.4685679856582328,1.711921077577766,0.17933525684694784,0.3294260331775919,0.0,0.012584189922027506,0.0369349829742908,9.02868982646456,9.0,9.521288320827944,10.004093759659185,1.0040937596591846,9.113505208904465,0.11350520890446525,9.521288320827944
the-green-ray,673,True,0.37815159305168333,0.5392100126494832,0.2947334773969602,0.42037643745384506,0.4803673796074227,0.26055101614425663,0.5549432261084075,0.3926938584276552,0.3651497937038985,0.5743312001520602,0.5414662679530173,0.6220456412174094,8.53922489946782,10.0,8.655861984787217,8.584621517808435,7.829310860119408,0.19870575264039952,2.118032747609106,0.0798789916389615,0.17136031211880387,0.34214059363727767,0.06742137360573397,0.34166475903925775,0.0,0.004064829105594017,0.018068829903777756,9.601530547154274,9.8,9.740941893270273,9.698105270270391,-0.10189472972960978,9.600741255821742,-0.19925874417825895,9.740941893270273
the-handmaiden,634,False,0.43454927123438386,0.5168085707500597,0.29697967212619153,0.4757083539249585,0.4812360987975429,0.19485326842084408,0.45305484389599154,0.2830516050603597,0.2900643124059183,0.604192971385848,0.6324230516178264,0.6135155331346211,7.693017259750165,6.298281993856925,5.994141886585793,6.275092040317428,7.614139913224907,0.2163560384025225,1.5271052762603854,2.8433161000642437,1.8045376719066397,2.221219985038495,0.15578104231725431,0.15766990473643386,0.0,0.021530538421279114,0.15660180014317512,8.310911304176091,,,,,,,7.93338705703118
the-headless-woman,672,True,0.47864294655342093,0.5920707994629402,0.30321493526656534,0.4160288213714303,0.5438554120049864,0.2850283385518488,0.5559060749141892,0.34293046420499723,0.415094835413914,0.6077983023667489,0.5924970589742267,0.6804541056633532,8.462282958337992,9.353215190178977,6.838792889363543,8.961907280250042,9.671118139292439,0.21311944146480602,2.490257707998359,0.04285979488143088,0.0,1.084978447378197,0.1349763811556839,0.3809083817377284,0.0,0.015728231824231893,0.024291530764622593,9.544505088898962,9.5,9.336040615865402,9.377015781330257,-0.12298421866974252,9.623588077748336,0.12358807774833558,9.336040615865402
the-lighthouse,631,False,0.3172254504234474,0.48165206015733786,0.24403616864893216,0.4671351027962864,0.5224123273660083,0.09610230640462615,0.5121933417856676,0.23763920783735853,0.260919524257136,0.6062687866659404,0.5184729403464897,0.5987327397963135,6.62242735431154,6.721253234607323,5.269016834272723,5.6910880221586355,8.222996513277188,0.3281360095987785,3.058187867959333,3.888834062165672,2.566510385073757,1.9169682029422361,0.22272113145948796,0.327279154925622,0.0,0.011547609112051773,0.13244019515788522,8.16485271943932,,,,,,,7.409183301382621
the-master,919,True,0.3529715753336239,0.5729125862123426,0.3043305886199639,0.3694985290508787,0.4994868124617631,0.17733678915170023,0.5103808230540944,0.3639332203478232,0.38050889453416414,0.5887160205292693,0.5719144312014196,0.6957909590119817,6.28175881224529,8.39651446782822,6.456863954368545,7.880258592219736,7.999944016479484,0.5223537169357826,5.310465253008859,3.025115018097517,1.662654802489273,0.9120960725480554,0.2682702981984685,0.5243342759864565,0.0,0.009448546620908289,0.07293481804941432,8.433117103661315,9.3,8.558306882143826,8.834265052555946,-0.4657349474440551,8.66901495114676,-0.6309850488532405,8.558306882143826
the-nightmare-before-christmas,466,False,0.1989253787674811,0.3719229621934538,0.2419480188418848,0.36546728391052596,0.41168576862881473,0.05607065784746827,0.3710590441469314,0.2595189334089229,0.24454977562172547,0.46015474745554935,0.43969713144301376,0.4757115942449798,6.790057603635611,4.888568137219146,6.984864399728538,5.805556402635112,5.0833654275568465,0.3320560309529348,1.2949928634063752,5.2010818963642045,3.6003574137176093,2.288133696030237,0.14151733981092723,0.28905120361470404,0.0,0.005541541396731721,0.06499697841220443,7.528716544377576,,,,,,,6.788445110267114
the-novelists-film,648,True,0.3154011224613545,0.522105204598688,0.30441451064697883,0.4242502405033163,0.44774856140843317,0.16046497383018937,0.4680327078030331,0.28345363028126336,0.27276823801910227,0.6264365463342383,0.5852512107047528,0.595160605604794,7.571420561282338,8.893189469998601,7.988748931188423,8.114938016180426,7.565322251850238,0.36888834664122494,0.21651279156169156,0.7576383762333307,0.9203188617257041,0.47220452680179115,0.09000746379314409,0.0,0.0,0.018736812360406203,0.02712369261941274,9.188484595696794,9.5,8.064252255723394,7.579850110294485,-1.920149889705515,8.875262428082971,-0.6247375719170289,8.064252255723394
the-passion-of-joan-of-arc,756,False,0.42287800132840003,0.5420904570014721,0.29058924403511305,0.4291216236776597,0.48967427028135874,0.2733439803344072,0.5283421610196903,0.3410255115706065,0.35007738962941876,0.6253584045226949,0.6317436374813541,0.6526885665919336,8.154387677856473,8.17285678493994,6.5023853905409945,7.768436607771709,8.721359221306354,0.23885055522611212,3.0316759773972928,3.252921740177849,2.889067382644802,1.0259826325279702,0.13944068359404155,0.44531029449435233,0.0,0.01421324182268561,0.0,8.959173582222764,,,,,,,9.435778582412986
the-power-of-the-dog,745,True,0.4590562782850359,0.5912272942339324,0.2939869105813416,0.3711273211292854,0.5104780738270236,0.2559992765960277,0.5196456601231654,0.37204186030907693,0.37851878726616595,0.5637075770585817,0.6034563039169839,0.6802141221454725,6.843903418014221,8.293254414421975,6.70690284835784,7.843481251475188,7.149108581259146,0.42922087403410486,5.256204247667805,2.4206027290046523,1.5535350204673,0.7955921756633855,0.2819714446538246,0.5790718028473096,0.0,0.013325862216907023,0.07631564296741201,8.412419045244476,8.5,8.842893878228324,9.081202355848975,0.5812023558489745,8.620379938243603,0.12037993824360349,8.842893878228324
the-royal-tenenbaums,551,True,0.27097420166524944,0.5016887453858002,0.2595228186494783,0.34930500701236494,0.4533557969344149,0.0945080627278215,0.46635920552644317,0.365101061255564,0.29215247011806494,0.4829500513535593,0.48829123315086764,0.6374624475205338,6.442884856685922,5.917245630382872,7.113874871126384,5.708316134917533,6.14432928240926,0.4499565036762871,4.042887018058907,5.417462262359943,4.637672252387071,0.9426616285011724,0.1556437437284701,0.49541856709199183,0.0,0.00013382719390641826,0.0,7.644580038322886,6.8,7.722459694296107,7.9274896986889845,1.1274896986889846,8.065107457500778,1.2651074575007781,7.722459694296107
the-seventh-seal,769,False,0.3096282033769712,0.5207647982225023,0.28138999936779163,0.4275401123760936,0.4810982687015786,0.18639666906014468,0.5997189990505033,0.3862583371872198,0.4075321797279411,0.605587322640832,0.5383583860003243,0.6322651437275548,6.683734881947293,9.68208152779241,7.087570007872996,8.346679477918077,9.082356562707957,0.22628140380922385,3.053802386113996,2.164073756210591,1.3821066188151532,0.5310863365044374,0.1921051091882656,0.3889710366563014,0.0,0.005556705166916948,0.04702192957396275,9.334806819122859,,,,,,,9.95663349083336
the-shining,993,False,0.29147440296563615,0.5131571606497536,0.2508000318167388,0.3680343774766634,0.5073170218149841,0.07522584522755552,0.5065209873688231,0.28320672358901294,0.25485472069596143,0.5625802878119428,0.5164270007100389,0.6288274797045489,6.519101603774925,7.74159462905024,5.987029758877942,5.939679888744263,7.76448157378512,0.3878315992917974,3.511179209707677,4.287969143305242,3.0385624638130375,0.8388320924711339,0.1942984310082565,0.37193707493950856,0.0,0.005834443402774542,0.025408580099789524,8.317493794445822,,,,,,,7.167043105394217
the-souvenir-part-ii,745,True,0.35918943110939044,0.5053278347787482,0.23270316458880677,0.37393437063130197,0.4479168685244001,0.20058839394578457,0.47871635292794407,0.3391737438580993,0.3157480596239918,0.6120384413812673,0.6107321755409441,0.670172174431548,7.732652965132545,7.8877212525649,7.8476423015040595,7.167279058876244,7.396933267342434,0.26702899423551324,1.3951904363308691,1.977022383389024,1.7228130571579428,0.9041787374696154,0.09182050292586183,0.15673825079699788,0.0,0.004910459458520003,0.02625012168943249,8.89559443230416,9.6,8.916196884276879,8.752250320035927,-0.8477496799640729,8.584429439083282,-1.0155705609167178,8.916196884276879
the-testament-of-ann-lee,718,True,0.4278268339417762,0.506858408949658,0.34696110432278304,0.44290244303099763,0.5145366193904166,0.2480860226792771,0.494040471417422,0.35037985872035693,0.37035082161359917,0.5910427508326612,0.539823820941462,0.6100921462579996,8.533170035041985,7.340751936186267,7.038121510270912,7.759163107407198,7.550424827815595,0.27735815088790394,2.678258520915958,2.2455441601802995,1.9882166947381832,1.5353286313845176,0.11507199480243137,0.41263010127099037,0.0,0.012572062033911528,0.07203395533223111,8.788014379037586,8.6,8.301288999880034,8.225086729290101,-0.3749132707098983,8.698143050272357,0.09814305027235726,8.301288999880034
the-tree-of-life,1036,True,0.2766359463620195,0.5068005468605705,0.3064425025571127,0.42643264013431076,0.4999295988297263,0.1625055443813323,0.5575391255115314,0.4619342233949041,0.4481510134336526,0.6291083626329137,0.5353528163131515,0.6336125336355996,7.19385860349703,9.509453796957976,8.790108027987518,8.288154060731705,8.21846308461496,0.2403878886764025,2.8322189953232746,2.6615584258525558,1.9904515076230433,1.0193489599512278,0.10557693407090633,0.3433182116967022,0.0,0.005638595029221887,0.03275552813204488,9.40861824507115,9.2,9.272932926072494,9.146278070961227,-0.05372192903877249,9.364937821864707,0.16493782186470796,9.272932926072494
the-witch,653,False,0.36586847535479367,0.516341152962472,0.26222701243907337,0.4469740748698365,0.5325803793316135,0.17979946387211534,0.5460296669956014,0.3456724819469143,0.37317832187843386,0.5978422710601771,0.5207294027413979,0.6233957567242493,7.298069698130585,5.653115368618765,5.7618064607986526,6.388952533321007,7.848731243399789,0.261167530047949,4.030090977550501,4.459424657960767,3.016347843416419,2.1238080934618266,0.2325378787137921,0.5162534206816111,0.0,0.01449113205229907,0.09507567233262489,8.051337763620422,,,,,,,8.61200585657908
the-worst-person-in-the-world,641,True,0.41127459711158015,0.6050038213823632,0.32622395952808203,0.38618285060418284,0.540503842173552,0.29410282609077504,0.5688189981945934,0.4408835218870327,0.4296921427057519,0.5771297594938121,0.5911204008856977,0.6745317005016987,8.122826846725514,7.488774458684882,8.204791978981959,7.591706391833495,7.522450264038645,0.26352445325531254,2.49204998059062,1.6760770642364187,1.27245048496807,1.7211564093334102,0.09773422792346975,0.20399084591364283,0.0,0.006324567744644301,0.09868632663250874,8.94300430575436,8.8,9.411673154302145,10.049632266539279,1.2496322665392778,8.825145496411645,0.02514549641164443,9.411673154302145
tokyo-story,875,True,0.26233068945755833,0.509099408149496,0.27442785855120283,0.4289978095500106,0.4595708887735845,0.20411072948240344,0.5386752060122342,0.3841255300518697,0.364686013113132,0.5121183603070214,0.5230667670291743,0.565833932707573,8.24772961561187,9.873694588030343,9.209208053569608,9.243341229646633,7.148816203964101,0.1779891696584982,0.4546219269282783,0.0,0.0,0.32675547471189614,0.08718214803588895,0.09185098487069465,0.0,0.01471177762734211,0.019324950695352484,9.588462298626792,10.0,9.897546095881253,10.1344746904016,0.13447469040159987,9.696545240808927,-0.303454759191073,9.897546095881253
triangle-of-sadness,720,True,0.4491328400294182,0.6362099969847856,0.2696885972044465,0.3835826174163583,0.5792195797326961,0.20733849395925136,0.5352798336648759,0.37179295005633806,0.3908083134827931,0.5492299666545152,0.5202186338281515,0.6533614492485127,6.979024391931901,5.96998868853751,5.344197265386453,6.488835538235909,7.645625328965833,0.40071347223029663,4.6950853600289655,2.2829362607394414,0.8812957629481385,3.238027716310136,0.1953187986905337,0.49392355006989275,0.0,0.008519872491941093,0.14546749375375215,7.914559820528008,7.0,7.995906980918532,8.354904646367064,1.3549046463670642,8.431360995092932,1.4313609950929322,7.995906980918532
twin-peaks,618,False,0.29591144795621577,0.4378174342792836,0.20292814774353135,0.3460838940411147,0.4941502180641267,0.11286593704360715,0.45170590936464966,0.2749155153620725,0.24135477614668785,0.4389656524763574,0.3756421043840878,0.5516446403495476,8.068461156676126,7.846281133107596,7.982691879110011,7.275097139049726,6.0461327682193895,0.19187869273365316,0.6483246966030716,3.573519347062441,1.5210887403046394,1.3110036999282515,0.13472571631860242,0.36455708627687994,0.0,0.0042237191111104315,0.08481229903463594,8.673812931401043,,,,,,,8.28202858230937
under-the-skin,991,False,0.4561532530256288,0.5534947799684291,0.3298255292806887,0.479589504284853,0.49375060719558156,0.2675639840868293,0.512725691395423,0.33061306829277376,0.3965166387900839,0.6404124263244275,0.6315444486785179,0.6728849418788856,8.334969201477707,8.476663794453932,6.9736618698088355,7.61206609281582,8.761232803631824,0.17084710292038652,1.2230600600426813,2.3642936359365097,2.308516479716382,0.5605124672696434,0.13130263802918687,0.24504076792993493,0.0,0.012295856167144043,0.03175954565177909,9.186160633611225,,,,,,,9.152844105780098
viola,382,True,0.4344896207586704,0.5318798448613176,0.311854628165466,0.5101884886650192,0.5255034339043452,0.2148930064058386,0.5140275276055333,0.268155651802997,0.28021079534976084,0.6446652165142324,0.5698704334301361,0.5835929251131263,7.922400011227173,7.491865319451394,7.0762357746027496,6.849700868533857,8.342559709524652,0.2478451038599609,0.6540453163921951,1.4406668481660532,1.6748249979811674,1.1561314586947027,0.07879025661413533,0.2003771573473967,0.0,0.009357035443867923,0.04609586553470418,8.877639642367562,9.4,8.464390652809822,7.989019137845448,-1.4109808621545525,8.899715967751346,-0.5002840322486541,8.464390652809822
vivre-sa-vie,1056,True,0.4354727586393658,0.5728064527302463,0.2933621810556137,0.48132261850115693,0.49107162624739115,0.24240066058662993,0.5383362776021063,0.36134206683235304,0.378894207453994,0.6599592219886401,0.6023816515108461,0.643208057395372,7.843507437006789,8.869855353900592,7.400443234936326,8.704442132439732,8.873962395359612,0.2977540607775932,2.514128344315533,0.6956158517792475,0.979325984435804,0.5339730041664017,0.13548614246603624,0.3111667390887345,0.0,0.01259727248196886,0.02082067788292289,9.39460725967125,9.5,9.161964663885094,9.178910197406612,-0.32108980259338793,9.425480870498518,-0.07451912950148198,9.161964663885094
werckmeister-harmonies,1247,True,0.36216106040053375,0.573653899232403,0.32474721433433124,0.47119484377321585,0.5960262037687969,0.16502464203415385,0.5995166797212017,0.3392232892213141,0.40701583350667,0.633603692150904,0.5088369673931445,0.6432563934565771,6.387908054431431,9.061432197633797,6.501843782050872,8.174912044898699,9.544635071305997,0.26338025115472086,2.414892301009855,1.011328146439216,0.20635556524938137,1.4638947095321655,0.2030707905959931,0.36382834128909114,0.0,0.00881963855181451,0.13326590617743617,9.178373227365451,10.0,8.762141952820517,8.271187638936922,-1.7288123610630777,9.010467890295319,-0.9895321097046814,8.762141952820517
winter-sleep,842,True,0.36448870105687586,0.6065129009137381,0.30814030310877377,0.4523007871374575,0.5377131565568151,0.2540731011779451,0.6039716486824761,0.4105426847973368,0.3894527993541606,0.6211475752681987,0.5729146179364728,0.6942333928728389,7.470805946145847,9.482125293107993,7.269427804733438,9.170481698601217,7.618069932097852,0.3665893230098736,4.267564504109009,0.7413068106135519,0.3914042712098671,0.15609941770928115,0.21096406348343533,0.43154616742429974,0.0,0.00937828764044734,0.016276813939508535,9.119227719493397,9.2,9.351541480079383,9.647509080170595,0.44750908017059565,9.295559914164048,0.09555991416404908,9.351541480079383
woman-in-the-dunes,976,True,0.43146004534103255,0.5573239961460209,0.33071693773671934,0.4831142077166975,0.5354333199395283,0.2887011136828701,0.5863538970750402,0.3544110044244572,0.4057678671342554,0.6464776295217586,0.5848576622320708,0.6648704985438195,7.968979590166704,10.0,7.053134158988939,8.334215904260128,9.200887697013775,0.16526641041852605,1.201724347588479,0.23758111385488756,0.09777162681525908,0.0,0.16814278384510833,0.1522390376734262,0.0,0.01126874514982447,0.002252556389081471,9.564800923434461,9.5,9.783310442755724,10.15574221771335,0.6557422177133496,9.572130950783803,0.07213095078380327,9.783310442755724
women-workers-leaving-the-factory,30,True,0.42396495900528625,0.4602245748080634,0.3233813445217005,0.45830154947225615,0.46311985059829036,0.3005031634940793,0.5558121636406425,0.3319150664267944,0.33196318534169456,0.5949216781626397,0.5242910247042809,0.5629101783895183,8.311267643196922,10.0,8.259030140794051,9.655331531023279,7.885228479171067,0.25276600825371753,0.05984611940638018,0.0,0.3155870080671983,0.0007820590399860716,0.09678523917249839,0.17972087224182742,0.0,0.015590664175691861,0.0,9.654470257440739,9.5,9.967957313265781,10.091003044065987,0.591003044065987,9.618367915165699,0.11836791516569889,9.967957313265781
wristcutters-a-love-story,356,False,0.28829234294933964,0.43817126354457603,0.2521972834338795,0.3589379520094827,0.4415680997367478,0.13099627375709033,0.5131573567149417,0.3341017732510905,0.29225145870947555,0.5154296834682289,0.530788666238525,0.6517432485979595,7.19143238748979,5.430072235415084,7.4119344298161645,5.967659625810402,6.592358429270321,0.19195451532617527,2.3448010648225246,4.4442601495562135,3.080055172744622,2.368486745762014,0.11665974048852512,0.20925080279547315,0.0,0.001888452737502282,0.14195729176015195,8.075185070501753,,,,,,,8.56126361544347
zama,695,True,0.4442330070846008,0.5909034545873421,0.2557218913080054,0.4853535599493218,0.5660676482314791,0.24538292039396303,0.5630958065763865,0.3420860180109693,0.3845387299628488,0.6227947643287524,0.5211911954323216,0.6643553663871646,7.114395098500289,8.875982204135086,5.611587448591862,8.353944422129254,9.331768231201888,0.40849782014586167,4.0642421027634335,0.6843499208214838,0.4006770285986163,1.5041959691621773,0.2472717039424646,0.5276665705810364,0.0,0.012719013147692273,0.07660769053387873,8.957727633538402,9.5,8.51502666317837,8.697461242202207,-0.8025387577977927,8.942797208450305,-0.5572027915496953,8.51502666317837
